id,userguid,username,name,description,type,range,value,weight,curseId,effectValue,damage,armorSlot,effectOn,effectToPc,effectToPcValue,weaponEffectType,weaponEffectColor,imageId,imageName,imagePath,imageAssetType,imageIsPublic,imageIsActive,soundId,soundName,soundPath,soundAssetType,soundIsPublic,soundIsActive,isPublic,isTwoHanded,uses,createdAt,updatedAt
33,93074651-53ce-4b23-8031-2d6bd0d279da,DMMaster,Abacus,Adventuring Gear.,other,1,2,2,,0,0,,,,0,Blood,#cc0000,696,item-33-abacus.webp,https://tdodj-user-content-dev.s3.amazonaws.com/users/93074651-53ce-4b23-8031-2d6bd0d279da/images/item-33-abacus.webp,Item-Other,true,true,,,,,,,false,false,,2026-05-20 11:04:11.825403-05,2026-05-20 11:04:11.825403-05
34,93074651-53ce-4b23-8031-2d6bd0d279da,DMMaster,Acid (vial),"As an action, you can splash the contents of this vial onto a creature within 5 feet of you or throw the vial up to 20 feet, shattering it on impact. In either case, make a ranged attack against a creature or object, treating the acid as an improvised weapon.",other,4,25,1,,0,6,,,,0,Blood,#cc0000,41,Potion Green,https://tdodj-user-content-dev.s3.amazonaws.com/users/93074651-53ce-4b23-8031-2d6bd0d279da/images/1776211693488-6384b893-potions4.jpg,Potion,true,true,,,,,,,true,false,1,2026-05-20 11:04:11.952605-05,2026-05-21 17:41:48.580307-05
224,93074651-53ce-4b23-8031-2d6bd0d279da,DMMaster,Adamantine Armor,"This suit of armor is reinforced with adamantine, one of the hardest substances in existence. While you're wearing it, any critical hit against you becomes a normal hit.",armor,1,500,1,,1,0,body,,,0,Blood,#cc0000,37,Leather Armor,https://tdodj-user-content-dev.s3.amazonaws.com/users/93074651-53ce-4b23-8031-2d6bd0d279da/images/1776738578503-c579e826-leatherbrestplate.jpg,Item-Armor,true,true,,,,,,,true,false,,2026-05-20 11:48:09.572433-05,2026-05-21 17:47:36.106625-05
313,93074651-53ce-4b23-8031-2d6bd0d279da,DMMaster,Air Elemental Gem,"This blue sapphire contains a mote of elemental energy. When you use an action to break the gem, an air elemental is summoned as if you had cast the conjure elemental spell, and the gem's magic is lost.",other,1,500,1,,0,0,,,,0,Arcane,#8800cc,72,Blue gem stonr,https://tdodj-user-content-dev.s3.amazonaws.com/users/93074651-53ce-4b23-8031-2d6bd0d279da/images/1778123738823-bb5e0c69-blue-gem-stonr.png,Item-Gem,true,true,,,,,,,false,false,,2026-05-20 11:48:19.964624-05,2026-05-21 17:41:48.651424-05
35,93074651-53ce-4b23-8031-2d6bd0d279da,DMMaster,Alchemist's fire (flask),"This sticky, adhesive fluid ignites when exposed to air.",other,1,50,1,,0,0,,,,0,Blood,#cc0000,42,Potion Red,https://tdodj-user-content-dev.s3.amazonaws.com/users/93074651-53ce-4b23-8031-2d6bd0d279da/images/1776211773561-2c014a6f-potions2.jpg,Potion,true,true,,,,,,,false,false,,2026-05-20 11:04:12.030803-05,2026-05-21 17:41:48.581944-05
36,93074651-53ce-4b23-8031-2d6bd0d279da,DMMaster,Alchemist's Supplies,"These special tools include the items needed to pursue a craft or trade. The table shows examples of the most common types of tools, each providing items related to a single craft. Proficiency with a set of artisan's tools lets you add your proficiency bonus to any ability checks you make using the tools in your craft. Each type of artisan's tools requires a separate proficiency.",other,1,50,8,,0,0,,,,0,Blood,#cc0000,41,Potion Green,https://tdodj-user-content-dev.s3.amazonaws.com/users/93074651-53ce-4b23-8031-2d6bd0d279da/images/1776211693488-6384b893-potions4.jpg,Potion,true,true,,,,,,,false,false,,2026-05-20 11:04:12.139811-05,2026-05-21 17:41:48.583365-05
37,93074651-53ce-4b23-8031-2d6bd0d279da,DMMaster,Alms box,"A small box for alms, typically found in a priest's pack.",other,1,1,0,,0,0,,,,0,Blood,#cc0000,697,item-37-alms-box.webp,https://tdodj-user-content-dev.s3.amazonaws.com/users/93074651-53ce-4b23-8031-2d6bd0d279da/images/item-37-alms-box.webp,Item-Other,true,true,,,,,,,false,false,,2026-05-20 11:04:12.25461-05,2026-05-20 11:04:12.25461-05
38,93074651-53ce-4b23-8031-2d6bd0d279da,DMMaster,Amulet,"A holy symbol is a representation of a god or pantheon. It might be an amulet depicting a symbol representing a deity, the same symbol carefully engraved or inlaid as an emblem on a shield, or a tiny box holding a fragment of a sacred relic.",other,1,5,1,,0,0,,,,0,Blood,#cc0000,698,item-38-amulet.webp,https://tdodj-user-content-dev.s3.amazonaws.com/users/93074651-53ce-4b23-8031-2d6bd0d279da/images/item-38-amulet.webp,Item-Other,true,true,,,,,,,false,false,,2026-05-20 11:04:12.380949-05,2026-05-20 11:04:12.380949-05
26,93074651-53ce-4b23-8031-2d6bd0d279da,DMMaster,Amulet of Defense,An enchanted amulet that strengthens your defenses.,necklace,0,35,0,,0,0,,,AC,3,Blood,#cc0000,49,Blue Magic Stone,https://tdodj-user-content-dev.s3.amazonaws.com/users/93074651-53ce-4b23-8031-2d6bd0d279da/images/1776520054135-ee263bff-blue-magic-stone.jpg,Item-Gem,true,true,,,,,,,true,false,,2026-04-26 16:03:07.994877-05,2026-05-02 10:37:12.306184-05
228,93074651-53ce-4b23-8031-2d6bd0d279da,DMMaster,Amulet of Health,Your Constitution score is 19 while you wear this amulet. It has no effect on you if your Constitution is already 19 or higher,other,1,5000,1,,0,0,,,,0,Arcane,#8800cc,803,item-228-amulet-of-health.webp,https://tdodj-user-content-dev.s3.amazonaws.com/users/93074651-53ce-4b23-8031-2d6bd0d279da/images/item-228-amulet-of-health.webp,Item-Other,true,true,,,,,,,false,false,,2026-05-20 11:48:10.021722-05,2026-05-20 11:48:10.021722-05
229,93074651-53ce-4b23-8031-2d6bd0d279da,DMMaster,Amulet of Proof against Detection and Location,"While wearing this amulet, you are hidden from divination magic. You can't be targeted by such magic or perceived through magical scrying sensors.",other,1,500,1,,0,0,,,,0,Arcane,#8800cc,804,item-229-amulet-of-proof-against-detection-and-location.webp,https://tdodj-user-content-dev.s3.amazonaws.com/users/93074651-53ce-4b23-8031-2d6bd0d279da/images/item-229-amulet-of-proof-against-detection-and-location.webp,Item-Other,true,true,,,,,,,false,false,,2026-05-20 11:48:10.092904-05,2026-05-20 11:48:10.092904-05
230,93074651-53ce-4b23-8031-2d6bd0d279da,DMMaster,Amulet of the Planes,"While wearing this amulet, you can use an action to name a location that you are familiar with on another plane of existence. Then make a DC 15 Intelligence check. On a successful check, you cast the plane shift spell. On a failure, you and each creature and object within 15 feet of you travel to a random destination. Roll a d100. On a 1-60, you travel to a random location on the plane you named. On a 61-100, you travel to a randomly determined plane of existence.",other,1,50000,1,,0,0,,,,0,Arcane,#8800cc,805,item-230-amulet-of-the-planes.webp,https://tdodj-user-content-dev.s3.amazonaws.com/users/93074651-53ce-4b23-8031-2d6bd0d279da/images/item-230-amulet-of-the-planes.webp,Item-Other,true,true,,,,,,,false,false,,2026-05-20 11:48:10.176834-05,2026-05-20 11:48:10.176834-05
322,93074651-53ce-4b23-8031-2d6bd0d279da,DMMaster,Anchor Feather Token,This tiny object looks like a feather.,other,1,5000,1,,0,0,,,,0,Arcane,#8800cc,856,item-322-anchor-feather-token.webp,https://tdodj-user-content-dev.s3.amazonaws.com/users/93074651-53ce-4b23-8031-2d6bd0d279da/images/item-322-anchor-feather-token.webp,Item-Other,true,true,,,,,,,false,false,,2026-05-20 11:48:21.175844-05,2026-05-20 11:48:21.175844-05
231,93074651-53ce-4b23-8031-2d6bd0d279da,DMMaster,Animated Shield,"While holding this shield, you can speak its command word as a bonus action to cause it to animate. The shield leaps into the air and hovers in your space to protect you as if you were wielding it, leaving your hands free. The shield remains animated for 1 minute, until you use a bonus action to end this effect, or until you are incapacitated or die, at which point the shield falls to the ground or into your hand if you have one free.",armor,1,50000,1,,3,0,shield,,,0,Blood,#cc0000,18,Shield,https://tdodj-user-content-dev.s3.amazonaws.com/users/93074651-53ce-4b23-8031-2d6bd0d279da/images/1775749744062-3957c9cd-shield-one.jpg,Item-Armor,true,true,,,,,,,true,false,,2026-05-20 11:48:10.293925-05,2026-05-21 17:48:37.408339-05
39,93074651-53ce-4b23-8031-2d6bd0d279da,DMMaster,Antitoxin (vial),A creature that drinks this vial of liquid gains advantage on saving throws against poison for 1 hour. It confers no benefit to undead or constructs.,other,1,50,0,,0,0,,,,0,Blood,#cc0000,42,Potion Red,https://tdodj-user-content-dev.s3.amazonaws.com/users/93074651-53ce-4b23-8031-2d6bd0d279da/images/1776211773561-2c014a6f-potions2.jpg,Potion,true,true,,,,,,,false,false,,2026-05-20 11:04:12.539158-05,2026-05-21 17:41:48.584148-05
232,93074651-53ce-4b23-8031-2d6bd0d279da,DMMaster,Apparatus of the Crab,"This item first appears to be a Large sealed iron barrel weighing 500 pounds. The barrel has a hidden catch, which can be found with a successful DC 20 Intelligence (Investigation) check. Releasing the catch unlocks a hatch at one end of the barrel, allowing two Medium or smaller creatures to crawl inside. Ten levers are set in a row at the far end, each in a neutral position, able to move either up or down. When certain levers are used, the apparatus transforms to resemble a giant lobster.",other,1,100000,1,,0,0,,,,0,Arcane,#8800cc,806,item-232-apparatus-of-the-crab.webp,https://tdodj-user-content-dev.s3.amazonaws.com/users/93074651-53ce-4b23-8031-2d6bd0d279da/images/item-232-apparatus-of-the-crab.webp,Item-Other,true,true,,,,,,,false,false,,2026-05-20 11:48:10.413767-05,2026-05-20 11:48:10.413767-05
236,93074651-53ce-4b23-8031-2d6bd0d279da,DMMaster,Armor of Invulnerability,"You have resistance to nonmagical damage while you wear this armor. Additionally, you can use an action to make yourself immune to nonmagical damage for 10 minutes or until you are no longer wearing the armor. Once this special action is used, it can't be used again until the next dawn.",armor,1,100000,1,,5,0,Body,AC,,0,Arcane,#8800cc,18,Shield,https://tdodj-user-content-dev.s3.amazonaws.com/users/93074651-53ce-4b23-8031-2d6bd0d279da/images/1775749744062-3957c9cd-shield-one.jpg,Item-Armor,true,true,,,,,,,false,false,,2026-05-20 11:48:10.796037-05,2026-05-21 17:41:48.635256-05
237,93074651-53ce-4b23-8031-2d6bd0d279da,DMMaster,Armor of Resistance,You have resistance to one type of damage while you wear this armor. The GM chooses the type or determines it randomly from the options below.,armor,1,5000,1,,2,0,Body,AC,,0,Arcane,#8800cc,69,helmet,https://tdodj-user-content-dev.s3.amazonaws.com/users/93074651-53ce-4b23-8031-2d6bd0d279da/images/1777753269899-c0e84361-helmet.png,Item-Armor,true,true,,,,,,,false,false,,2026-05-20 11:48:10.876047-05,2026-05-21 17:41:48.635672-05
238,93074651-53ce-4b23-8031-2d6bd0d279da,DMMaster,Armor of Vulnerability,"While wearing this armor, you have resistance to  one of the following damage types: bludgeoning, piercing, or slashing. The GM chooses the type or determines it randomly.",armor,1,5000,1,,2,0,body,,,0,Blood,#cc0000,37,Leather Armor,https://tdodj-user-content-dev.s3.amazonaws.com/users/93074651-53ce-4b23-8031-2d6bd0d279da/images/1776738578503-c579e826-leatherbrestplate.jpg,Item-Armor,true,true,,,,,,,true,false,,2026-05-20 11:48:10.946564-05,2026-05-21 17:48:20.834963-05
233,93074651-53ce-4b23-8031-2d6bd0d279da,DMMaster,"Armor, +1",You have a +1 bonus to AC while wearing this armor.,armor,1,5000,1,,1,0,Body,AC,,0,Arcane,#8800cc,18,Shield,https://tdodj-user-content-dev.s3.amazonaws.com/users/93074651-53ce-4b23-8031-2d6bd0d279da/images/1775749744062-3957c9cd-shield-one.jpg,Item-Armor,true,true,,,,,,,false,false,,2026-05-20 11:48:10.561408-05,2026-05-21 17:41:48.634309-05
234,93074651-53ce-4b23-8031-2d6bd0d279da,DMMaster,"Armor, +2",You have a +2 bonus to AC while wearing this armor.,armor,1,50000,1,,2,0,Body,AC,,0,Arcane,#8800cc,37,Leather Armor,https://tdodj-user-content-dev.s3.amazonaws.com/users/93074651-53ce-4b23-8031-2d6bd0d279da/images/1776738578503-c579e826-leatherbrestplate.jpg,Item-Armor,true,true,,,,,,,false,false,,2026-05-20 11:48:10.642651-05,2026-05-21 17:41:48.634634-05
235,93074651-53ce-4b23-8031-2d6bd0d279da,DMMaster,"Armor, +3",You have a +3 bonus to AC while wearing this armor.,armor,1,100000,1,,3,0,Body,AC,,0,Arcane,#8800cc,69,helmet,https://tdodj-user-content-dev.s3.amazonaws.com/users/93074651-53ce-4b23-8031-2d6bd0d279da/images/1777753269899-c0e84361-helmet.png,Item-Armor,true,true,,,,,,,false,false,,2026-05-20 11:48:10.717074-05,2026-05-21 17:41:48.634933-05
239,93074651-53ce-4b23-8031-2d6bd0d279da,DMMaster,Arrow-Catching Shield,"You gain a +2 bonus to AC against ranged attacks while you wield this shield. This bonus is in addition to the shield's normal bonus to AC. In addition, whenever an attacker makes a ranged attack against a target within 5 feet of you, you can use your reaction to become the target of the attack instead.",armor,1,5000,1,,2,0,,AC,,0,Arcane,#8800cc,24,Short Bow,https://tdodj-user-content-dev.s3.amazonaws.com/users/93074651-53ce-4b23-8031-2d6bd0d279da/images/1776207119573-bfb9a32d-shortbow.png,Item-Weapon,true,true,,,,,,,false,false,,2026-05-20 11:48:11.021635-05,2026-05-21 17:41:48.636686-05
240,93074651-53ce-4b23-8031-2d6bd0d279da,DMMaster,Arrow of Slaying,"An arrow of slaying is a magic weapon meant to slay a particular kind of creature. Some are more focused than others; for example, there are both arrows of dragon slaying and arrows of blue dragon slaying. If a creature belonging to the type, race, or group associated with an arrow of slaying takes damage from the arrow, the creature must make a DC 17 Constitution saving throw, taking an extra 6d10 piercing damage on a failed save, or half as much extra damage on a successful one.",other,1,50000,1,,0,0,,,,0,Arcane,#8800cc,24,Short Bow,https://tdodj-user-content-dev.s3.amazonaws.com/users/93074651-53ce-4b23-8031-2d6bd0d279da/images/1776207119573-bfb9a32d-shortbow.png,Item-Weapon,true,true,,,,,,,false,false,,2026-05-20 11:48:11.091756-05,2026-05-21 17:41:48.637246-05
41,93074651-53ce-4b23-8031-2d6bd0d279da,DMMaster,Backpack,Adventuring Gear.,other,1,2,5,,0,0,,,,0,Blood,#cc0000,699,item-41-backpack.webp,https://tdodj-user-content-dev.s3.amazonaws.com/users/93074651-53ce-4b23-8031-2d6bd0d279da/images/item-41-backpack.webp,Item-Other,true,true,,,,,,,false,false,,2026-05-20 11:04:12.747084-05,2026-05-20 11:04:12.747084-05
241,93074651-53ce-4b23-8031-2d6bd0d279da,DMMaster,Bag of Beans,Inside this heavy cloth bag are 3d4 dry beans. The bag weighs 1/2 pound plus 1/4 pound for each bean it contains.,other,1,5000,1,,0,0,,,,0,Arcane,#8800cc,807,item-241-bag-of-beans.webp,https://tdodj-user-content-dev.s3.amazonaws.com/users/93074651-53ce-4b23-8031-2d6bd0d279da/images/item-241-bag-of-beans.webp,Item-Other,true,true,,,,,,,false,false,,2026-05-20 11:48:11.1687-05,2026-05-20 11:48:11.1687-05
242,93074651-53ce-4b23-8031-2d6bd0d279da,DMMaster,Bag of Devouring,This bag superficially resembles a bag of holding but is a feeding orifice for a gigantic extradimensional creature. Turning the bag inside out closes the orifice.,other,1,50000,1,,0,0,,,,0,Arcane,#8800cc,808,item-242-bag-of-devouring.webp,https://tdodj-user-content-dev.s3.amazonaws.com/users/93074651-53ce-4b23-8031-2d6bd0d279da/images/item-242-bag-of-devouring.webp,Item-Other,true,true,,,,,,,false,false,,2026-05-20 11:48:11.605895-05,2026-05-20 11:48:11.605895-05
243,93074651-53ce-4b23-8031-2d6bd0d279da,DMMaster,Bag of Holding,"This bag has an interior space considerably larger than its outside dimensions, roughly 2 feet in diameter at the mouth and 4 feet deep. The bag can hold up to 500 pounds, not exceeding a volume of 64 cubic feet. The bag weighs 15 pounds, regardless of its contents. Retrieving an item from the bag requires an action.",other,1,500,1,,0,0,,,,0,Arcane,#8800cc,809,item-243-bag-of-holding.webp,https://tdodj-user-content-dev.s3.amazonaws.com/users/93074651-53ce-4b23-8031-2d6bd0d279da/images/item-243-bag-of-holding.webp,Item-Other,true,true,,,,,,,false,false,,2026-05-20 11:48:11.726472-05,2026-05-20 11:48:11.726472-05
42,93074651-53ce-4b23-8031-2d6bd0d279da,DMMaster,Bagpipes,"Several of the most common types of musical instruments are shown on the table as examples. If you have proficiency with a given musical instrument, you can add your proficiency bonus to any ability checks you make to play music with the instrument. A bard can use a musical instrument as a spellcasting focus. Each type of musical instrument requires a separate proficiency.",other,1,30,6,,0,0,,,,0,Blood,#cc0000,700,item-42-bagpipes.webp,https://tdodj-user-content-dev.s3.amazonaws.com/users/93074651-53ce-4b23-8031-2d6bd0d279da/images/item-42-bagpipes.webp,Item-Other,true,true,,,,,,,false,false,,2026-05-20 11:04:12.845886-05,2026-05-20 11:04:12.845886-05
43,93074651-53ce-4b23-8031-2d6bd0d279da,DMMaster,"Ball bearings (bag of 1,000)","As an action, you can spill these tiny metal balls from their pouch to cover a level, square area that is 10 feet on a side.",other,1,1,2,,0,0,,,,0,Blood,#cc0000,701,item-43-ball-bearings-bag-of-1-000.webp,https://tdodj-user-content-dev.s3.amazonaws.com/users/93074651-53ce-4b23-8031-2d6bd0d279da/images/item-43-ball-bearings-bag-of-1-000.webp,Item-Other,true,true,,,,,,,false,false,,2026-05-20 11:04:12.929843-05,2026-05-20 11:04:12.929843-05
44,93074651-53ce-4b23-8031-2d6bd0d279da,DMMaster,Barrel,Adventuring Gear.,other,1,2,70,,0,0,,,,0,Blood,#cc0000,702,item-44-barrel.webp,https://tdodj-user-content-dev.s3.amazonaws.com/users/93074651-53ce-4b23-8031-2d6bd0d279da/images/item-44-barrel.webp,Item-Other,true,true,,,,,,,false,false,,2026-05-20 11:04:14.283014-05,2026-05-20 11:04:14.283014-05
45,93074651-53ce-4b23-8031-2d6bd0d279da,DMMaster,Basket,Adventuring Gear.,other,1,1,2,,0,0,,,,0,Blood,#cc0000,703,item-45-basket.webp,https://tdodj-user-content-dev.s3.amazonaws.com/users/93074651-53ce-4b23-8031-2d6bd0d279da/images/item-45-basket.webp,Item-Other,true,true,,,,,,,false,false,,2026-05-20 11:04:14.371265-05,2026-05-20 11:04:14.371265-05
6,93074651-53ce-4b23-8031-2d6bd0d279da,DMMaster,Battle Axe,A single-headed axe made for brutal strikes.,weapon,1,15,7,,0,4,,,,0,Blood,#cc0000,29,Battle Axe,https://tdodj-user-content-dev.s3.amazonaws.com/users/93074651-53ce-4b23-8031-2d6bd0d279da/images/1776207507209-cbeb1e99-battle-axe1.jpg,Item-Weapon,true,true,,,,,,,true,false,,2026-04-26 16:03:07.994877-05,2026-04-26 16:03:07.994877-05
46,93074651-53ce-4b23-8031-2d6bd0d279da,DMMaster,Battleaxe,Martial Melee. Deals 1d8 Slashing damage. Two-handed: 1d10.,weapon,1,10,4,,0,8,,,,0,Blood,#cc0000,29,Battle Axe,https://tdodj-user-content-dev.s3.amazonaws.com/users/93074651-53ce-4b23-8031-2d6bd0d279da/images/1776207507209-cbeb1e99-battle-axe1.jpg,Item-Weapon,true,true,,,,,,,false,true,,2026-05-20 11:04:14.461846-05,2026-05-21 17:41:48.584926-05
247,93074651-53ce-4b23-8031-2d6bd0d279da,DMMaster,Bead of Force,"This small black Sphere measures 3/4 of an inch in diameter and weighs an ounce. Typically, 1d4 + 4 beads of force are found together.",other,1,5000,1,,0,0,,,,0,Arcane,#8800cc,813,item-247-bead-of-force.webp,https://tdodj-user-content-dev.s3.amazonaws.com/users/93074651-53ce-4b23-8031-2d6bd0d279da/images/item-247-bead-of-force.webp,Item-Other,true,true,,,,,,,false,false,,2026-05-20 11:48:12.186211-05,2026-05-20 11:48:12.186211-05
47,93074651-53ce-4b23-8031-2d6bd0d279da,DMMaster,Bedroll,Adventuring Gear.,other,1,1,7,,0,0,,,,0,Blood,#cc0000,704,item-47-bedroll.webp,https://tdodj-user-content-dev.s3.amazonaws.com/users/93074651-53ce-4b23-8031-2d6bd0d279da/images/item-47-bedroll.webp,Item-Other,true,true,,,,,,,false,false,,2026-05-20 11:04:14.564423-05,2026-05-20 11:04:14.564423-05
48,93074651-53ce-4b23-8031-2d6bd0d279da,DMMaster,Bell,Adventuring Gear.,other,1,1,0,,0,0,,,,0,Blood,#cc0000,705,item-48-bell.webp,https://tdodj-user-content-dev.s3.amazonaws.com/users/93074651-53ce-4b23-8031-2d6bd0d279da/images/item-48-bell.webp,Item-Other,true,true,,,,,,,false,false,,2026-05-20 11:04:14.66612-05,2026-05-20 11:04:14.66612-05
249,93074651-53ce-4b23-8031-2d6bd0d279da,DMMaster,Belt of Cloud Giant Strength,"While wearing this belt, your Strength score changes to 27. If your Strength is already equal to or greater than the belt's score, the item has no Effect on you.",other,1,100000,1,,0,0,,,,0,Arcane,#8800cc,815,item-249-belt-of-cloud-giant-strength.webp,https://tdodj-user-content-dev.s3.amazonaws.com/users/93074651-53ce-4b23-8031-2d6bd0d279da/images/item-249-belt-of-cloud-giant-strength.webp,Item-Other,true,true,,,,,,,false,false,,2026-05-20 11:48:12.449778-05,2026-05-20 11:48:12.449778-05
248,93074651-53ce-4b23-8031-2d6bd0d279da,DMMaster,Belt of Dwarvenkind,"While wearing this belt, you gain the following benefits:",other,1,5000,1,,0,0,,,,0,Arcane,#8800cc,814,item-248-belt-of-dwarvenkind.webp,https://tdodj-user-content-dev.s3.amazonaws.com/users/93074651-53ce-4b23-8031-2d6bd0d279da/images/item-248-belt-of-dwarvenkind.webp,Item-Other,true,true,,,,,,,false,false,,2026-05-20 11:48:12.268328-05,2026-05-20 11:48:12.268328-05
250,93074651-53ce-4b23-8031-2d6bd0d279da,DMMaster,Belt of Fire Giant Strength,"While wearing this belt, your Strength score changes to 25. If your Strength is already equal to or greater than the belt's score, the item has no Effect on you.",other,1,50000,1,,0,0,,,,0,Arcane,#8800cc,816,item-250-belt-of-fire-giant-strength.webp,https://tdodj-user-content-dev.s3.amazonaws.com/users/93074651-53ce-4b23-8031-2d6bd0d279da/images/item-250-belt-of-fire-giant-strength.webp,Item-Other,true,true,,,,,,,false,false,,2026-05-20 11:48:12.599844-05,2026-05-20 11:48:12.599844-05
251,93074651-53ce-4b23-8031-2d6bd0d279da,DMMaster,Belt of Frost Giant Strength,"While wearing this belt, your Strength score changes to 23. If your Strength is already equal to or greater than the belt's score, the item has no Effect on you.",other,1,50000,1,,0,0,,,,0,Arcane,#8800cc,817,item-251-belt-of-frost-giant-strength.webp,https://tdodj-user-content-dev.s3.amazonaws.com/users/93074651-53ce-4b23-8031-2d6bd0d279da/images/item-251-belt-of-frost-giant-strength.webp,Item-Other,true,true,,,,,,,false,false,,2026-05-20 11:48:12.693312-05,2026-05-20 11:48:12.693312-05
252,93074651-53ce-4b23-8031-2d6bd0d279da,DMMaster,Belt of Hill Giant Strength,"While wearing this belt, your Strength score changes to a 21. If your Strength is already equal to or greater than the belt's score, the item has no Effect on you.",other,1,5000,1,,0,0,,,,0,Arcane,#8800cc,818,item-252-belt-of-hill-giant-strength.webp,https://tdodj-user-content-dev.s3.amazonaws.com/users/93074651-53ce-4b23-8031-2d6bd0d279da/images/item-252-belt-of-hill-giant-strength.webp,Item-Other,true,true,,,,,,,false,false,,2026-05-20 11:48:12.770918-05,2026-05-20 11:48:12.770918-05
253,93074651-53ce-4b23-8031-2d6bd0d279da,DMMaster,Belt of Stone Giant Strength,"While wearing this belt, your Strength score changes to a 23. If your Strength is already equal to or greater than the belt's score, the item has no Effect on you.",other,1,50000,1,,0,0,,,,0,Arcane,#8800cc,49,Blue Magic Stone,https://tdodj-user-content-dev.s3.amazonaws.com/users/93074651-53ce-4b23-8031-2d6bd0d279da/images/1776520054135-ee263bff-blue-magic-stone.jpg,Item-Gem,true,true,,,,,,,false,false,,2026-05-20 11:48:12.855234-05,2026-05-21 17:41:48.637773-05
254,93074651-53ce-4b23-8031-2d6bd0d279da,DMMaster,Belt of Storm Giant Strength,"While wearing this belt, your Strength score changes to 29. If your Strength is already equal to or greater than the belt's score, the item has no Effect on you.",other,1,100000,1,,0,0,,,,0,Arcane,#8800cc,819,item-254-belt-of-storm-giant-strength.webp,https://tdodj-user-content-dev.s3.amazonaws.com/users/93074651-53ce-4b23-8031-2d6bd0d279da/images/item-254-belt-of-storm-giant-strength.webp,Item-Other,true,true,,,,,,,false,false,,2026-05-20 11:48:12.937997-05,2026-05-20 11:48:12.937997-05
255,93074651-53ce-4b23-8031-2d6bd0d279da,DMMaster,Berserker Axe,"You gain a +1 bonus to Attack and Damage Rolls made with this Magic Weapon. In addition, while you are attuned to this weapon, your Hit Points maximum increases by 1 for each level you have attained.",weapon,1,5000,1,,0,4,,,,0,Arcane,#8800cc,26,Halberd,https://tdodj-user-content-dev.s3.amazonaws.com/users/93074651-53ce-4b23-8031-2d6bd0d279da/images/1776207243225-8859b1b7-halberd3.png,Item-Weapon,true,true,,,,,,,false,false,,2026-05-20 11:48:13.021052-05,2026-05-21 17:41:48.638292-05
323,93074651-53ce-4b23-8031-2d6bd0d279da,DMMaster,Bird Feather Token,This tiny object looks like a feather.,other,1,5000,1,,0,0,,,,0,Arcane,#8800cc,857,item-323-bird-feather-token.webp,https://tdodj-user-content-dev.s3.amazonaws.com/users/93074651-53ce-4b23-8031-2d6bd0d279da/images/item-323-bird-feather-token.webp,Item-Other,true,true,,,,,,,false,false,,2026-05-20 11:48:21.264348-05,2026-05-20 11:48:21.264348-05
295,93074651-53ce-4b23-8031-2d6bd0d279da,DMMaster,Black Dragon Scale Mail,"Dragon scale mail is made of the scales of a black dragon. Sometimes dragons collect their cast-off scales and gift them to humanoids. Other times, hunters carefully skin and preserve the hide of a dead dragon. In either case, dragon scale mail is highly valued.",armor,1,50000,1,,1,0,Body,AC,,0,Arcane,#8800cc,37,Leather Armor,https://tdodj-user-content-dev.s3.amazonaws.com/users/93074651-53ce-4b23-8031-2d6bd0d279da/images/1776738578503-c579e826-leatherbrestplate.jpg,Item-Armor,true,true,,,,,,,false,false,,2026-05-20 11:48:17.91851-05,2026-05-21 17:41:48.644642-05
49,93074651-53ce-4b23-8031-2d6bd0d279da,DMMaster,Blanket,Adventuring Gear.,other,1,1,3,,0,0,,,,0,Blood,#cc0000,706,item-49-blanket.webp,https://tdodj-user-content-dev.s3.amazonaws.com/users/93074651-53ce-4b23-8031-2d6bd0d279da/images/item-49-blanket.webp,Item-Other,true,true,,,,,,,false,false,,2026-05-20 11:04:14.898702-05,2026-05-20 11:04:14.898702-05
50,93074651-53ce-4b23-8031-2d6bd0d279da,DMMaster,Block and tackle,"A set of pulleys with a cable threaded through them and a hook to attach to objects, a block and tackle allows you to hoist up to four times the weight you can normally lift.",other,1,1,5,,0,0,,,,0,Blood,#cc0000,707,item-50-block-and-tackle.webp,https://tdodj-user-content-dev.s3.amazonaws.com/users/93074651-53ce-4b23-8031-2d6bd0d279da/images/item-50-block-and-tackle.webp,Item-Other,true,true,,,,,,,false,false,,2026-05-20 11:04:15.002289-05,2026-05-20 11:04:15.002289-05
51,93074651-53ce-4b23-8031-2d6bd0d279da,DMMaster,Block of incense,"A block of incense, typically found in a priest's pack.",other,1,1,0,,0,0,,,,0,Blood,#cc0000,708,item-51-block-of-incense.webp,https://tdodj-user-content-dev.s3.amazonaws.com/users/93074651-53ce-4b23-8031-2d6bd0d279da/images/item-51-block-of-incense.webp,Item-Other,true,true,,,,,,,false,false,,2026-05-20 11:04:15.145024-05,2026-05-20 11:04:15.145024-05
52,93074651-53ce-4b23-8031-2d6bd0d279da,DMMaster,Blowgun,Martial Ranged. Deals 1 Piercing damage.,weapon,5,10,1,,0,0,,,,0,Blood,#cc0000,24,Short Bow,https://tdodj-user-content-dev.s3.amazonaws.com/users/93074651-53ce-4b23-8031-2d6bd0d279da/images/1776207119573-bfb9a32d-shortbow.png,Item-Weapon,true,true,,,,,,,false,false,,2026-05-20 11:04:15.232524-05,2026-05-21 17:41:48.587779-05
53,93074651-53ce-4b23-8031-2d6bd0d279da,DMMaster,Blowgun needle,Adventuring Gear.,other,1,1,1,,0,0,,,,0,Blood,#cc0000,24,Short Bow,https://tdodj-user-content-dev.s3.amazonaws.com/users/93074651-53ce-4b23-8031-2d6bd0d279da/images/1776207119573-bfb9a32d-shortbow.png,Item-Weapon,true,true,,,,,,,false,false,,2026-05-20 11:04:15.330034-05,2026-05-21 17:41:48.58874-05
296,93074651-53ce-4b23-8031-2d6bd0d279da,DMMaster,Blue Dragon Scale Mail,"Dragon scale mail is made of the scales of a blue dragon. Sometimes dragons collect their cast-off scales and gift them to humanoids. Other times, hunters carefully skin and preserve the hide of a dead dragon. In either case, dragon scale mail is highly valued.",armor,1,50000,1,,1,0,Body,AC,,0,Arcane,#8800cc,37,Leather Armor,https://tdodj-user-content-dev.s3.amazonaws.com/users/93074651-53ce-4b23-8031-2d6bd0d279da/images/1776738578503-c579e826-leatherbrestplate.jpg,Item-Armor,true,true,,,,,,,false,false,,2026-05-20 11:48:18.015173-05,2026-05-21 17:41:48.645013-05
31,93074651-53ce-4b23-8031-2d6bd0d279da,DMMaster,Blue Magic stone,A blue stone of magic,gem,0,15,5,,0,10,,,,0,Blood,#cc0000,72,Blue gem stonr,https://tdodj-user-content-dev.s3.amazonaws.com/users/93074651-53ce-4b23-8031-2d6bd0d279da/images/1778123738823-bb5e0c69-blue-gem-stonr.png,Item-Gem,true,true,,,,,,,false,false,,2026-05-06 22:15:47.269334-05,2026-05-06 22:15:47.269334-05
28,93074651-53ce-4b23-8031-2d6bd0d279da,DMMaster,Blue Sapphire,A rare sapphire of deep blue hue.,gem,0,60,0,,0,0,,,,0,Blood,#cc0000,72,Blue gem stonr,https://tdodj-user-content-dev.s3.amazonaws.com/users/93074651-53ce-4b23-8031-2d6bd0d279da/images/1778123738823-bb5e0c69-blue-gem-stonr.png,Item-Gem,true,true,,,,,,,true,false,,2026-04-26 16:03:07.994877-05,2026-05-07 10:19:28.922358-05
54,93074651-53ce-4b23-8031-2d6bd0d279da,DMMaster,Book,"A book might contain poetry, historical accounts, information pertaining to a particular field of lore, diagrams and notes on gnomish contraptions, or just about anything else that can be represented using text or pictures. A book of spells is a spellbook (described later in this section).",other,1,25,5,,0,0,,,,0,Blood,#cc0000,46,Magic Scroll 1,https://tdodj-user-content-dev.s3.amazonaws.com/users/93074651-53ce-4b23-8031-2d6bd0d279da/images/1776213079205-9b14b4f9-magicscroll1.jpg,Spell,true,true,,,,,,,false,false,,2026-05-20 11:04:15.440191-05,2026-05-21 17:41:48.5897-05
256,93074651-53ce-4b23-8031-2d6bd0d279da,DMMaster,Boots of Elvenkind,"While you wear these boots, your steps make no sound, regardless of the surface you are moving across. You also have advantage on Dexterity (Stealth) checks that rely on moving silently.",other,1,500,1,,0,0,Legs,,,0,Arcane,#8800cc,820,item-256-boots-of-elvenkind.webp,https://tdodj-user-content-dev.s3.amazonaws.com/users/93074651-53ce-4b23-8031-2d6bd0d279da/images/item-256-boots-of-elvenkind.webp,Item-Other,true,true,,,,,,,false,false,,2026-05-20 11:48:13.098792-05,2026-05-20 11:48:13.098792-05
257,93074651-53ce-4b23-8031-2d6bd0d279da,DMMaster,Boots of Levitation,"While you wear these boots, you can use an action to cast the levitate spell on yourself at will.",other,1,5000,1,,0,0,Legs,,,0,Arcane,#8800cc,821,item-257-boots-of-levitation.webp,https://tdodj-user-content-dev.s3.amazonaws.com/users/93074651-53ce-4b23-8031-2d6bd0d279da/images/item-257-boots-of-levitation.webp,Item-Other,true,true,,,,,,,false,false,,2026-05-20 11:48:13.190003-05,2026-05-20 11:48:13.190003-05
258,93074651-53ce-4b23-8031-2d6bd0d279da,DMMaster,Boots of Speed,"While you wear these boots, you can use a bonus action and click the boots' heels together. If you do, the boots double your walking speed, and any creature that makes an opportunity attack against you has disadvantage on the attack roll. If you click your heels together again, you end the effect.",other,1,5000,1,,0,0,Legs,,,0,Arcane,#8800cc,822,item-258-boots-of-speed.webp,https://tdodj-user-content-dev.s3.amazonaws.com/users/93074651-53ce-4b23-8031-2d6bd0d279da/images/item-258-boots-of-speed.webp,Item-Other,true,true,,,,,,,false,false,,2026-05-20 11:48:13.275625-05,2026-05-20 11:48:13.275625-05
259,93074651-53ce-4b23-8031-2d6bd0d279da,DMMaster,Boots of Striding and Springing,"While you wear these boots, your walking speed becomes 30 feet, unless your walking speed is higher, and your speed isn't reduced if you are encumbered or wearing heavy armor. In addition, you can jump three times the normal distance, though you can't jump farther than your remaining movement would allow.",other,1,500,1,,0,0,Legs,,,0,Arcane,#8800cc,823,item-259-boots-of-striding-and-springing.webp,https://tdodj-user-content-dev.s3.amazonaws.com/users/93074651-53ce-4b23-8031-2d6bd0d279da/images/item-259-boots-of-striding-and-springing.webp,Item-Other,true,true,,,,,,,false,false,,2026-05-20 11:48:13.355087-05,2026-05-20 11:48:13.355087-05
260,93074651-53ce-4b23-8031-2d6bd0d279da,DMMaster,Boots of the Winterlands,"These furred boots are snug and feel quite warm. While you wear them, you gain the following benefits:",other,1,500,1,,0,0,Legs,,,0,Arcane,#8800cc,824,item-260-boots-of-the-winterlands.webp,https://tdodj-user-content-dev.s3.amazonaws.com/users/93074651-53ce-4b23-8031-2d6bd0d279da/images/item-260-boots-of-the-winterlands.webp,Item-Other,true,true,,,,,,,false,false,,2026-05-20 11:48:13.796641-05,2026-05-20 11:48:13.796641-05
55,93074651-53ce-4b23-8031-2d6bd0d279da,DMMaster,"Bottle, glass",Adventuring Gear.,other,1,2,2,,0,0,,,,0,Blood,#cc0000,709,item-55-bottle-glass.webp,https://tdodj-user-content-dev.s3.amazonaws.com/users/93074651-53ce-4b23-8031-2d6bd0d279da/images/item-55-bottle-glass.webp,Item-Other,true,true,,,,,,,false,false,,2026-05-20 11:04:15.551984-05,2026-05-20 11:04:15.551984-05
261,93074651-53ce-4b23-8031-2d6bd0d279da,DMMaster,Bowl of Commanding Water Elementals,"While this bowl is filled with water, you can use an action to speak the bowl's command word and summon a water elemental, as if you had cast the conjure elemental spell. The bowl can't be used this way again until the next dawn.",other,1,5000,1,,0,0,,,,0,Arcane,#8800cc,23,Long Bow,https://tdodj-user-content-dev.s3.amazonaws.com/users/93074651-53ce-4b23-8031-2d6bd0d279da/images/1776207099926-b1bfb215-longbow1.png,Item-Weapon,true,true,,,,,,,false,false,,2026-05-20 11:48:13.893989-05,2026-05-21 17:41:48.6388-05
262,93074651-53ce-4b23-8031-2d6bd0d279da,DMMaster,Bracers of Archery,"While wearing these bracers, you have proficiency with the longbow and shortbow, and you gain a +2 bonus to damage rolls on ranged attacks made with such weapons.",other,1,500,1,,0,0,Arms,,,0,Arcane,#8800cc,825,item-262-bracers-of-archery.webp,https://tdodj-user-content-dev.s3.amazonaws.com/users/93074651-53ce-4b23-8031-2d6bd0d279da/images/item-262-bracers-of-archery.webp,Item-Other,true,true,,,,,,,false,false,,2026-05-20 11:48:13.970679-05,2026-05-20 11:48:13.970679-05
263,93074651-53ce-4b23-8031-2d6bd0d279da,DMMaster,Bracers of Defense,"While wearing these bracers, you gain a +2 bonus to AC if you are wearing no armor and using no shield.",other,1,5000,1,,2,0,Arms,AC,,0,Arcane,#8800cc,826,item-263-bracers-of-defense.webp,https://tdodj-user-content-dev.s3.amazonaws.com/users/93074651-53ce-4b23-8031-2d6bd0d279da/images/item-263-bracers-of-defense.webp,Item-Other,true,true,,,,,,,false,false,,2026-05-20 11:48:14.051282-05,2026-05-20 11:48:14.051282-05
297,93074651-53ce-4b23-8031-2d6bd0d279da,DMMaster,Brass Dragon Scale Mail,"Dragon scale mail is made of the scales of a brass dragon. Sometimes dragons collect their cast-off scales and gift them to humanoids. Other times, hunters carefully skin and preserve the hide of a dead dragon. In either case, dragon scale mail is highly valued.",armor,1,50000,1,,1,0,Body,AC,,0,Arcane,#8800cc,37,Leather Armor,https://tdodj-user-content-dev.s3.amazonaws.com/users/93074651-53ce-4b23-8031-2d6bd0d279da/images/1776738578503-c579e826-leatherbrestplate.jpg,Item-Armor,true,true,,,,,,,false,false,,2026-05-20 11:48:18.394412-05,2026-05-21 17:41:48.6455-05
358,93074651-53ce-4b23-8031-2d6bd0d279da,DMMaster,Brass Horn of Valhalla,"You can use an action to blow this horn. In response, 3d4 + 3 warrior spirits from the Valhalla appear within 60 feet of you. They use the statistics of a berserker. They return to Valhalla after 1 hour or when they drop to 0 hit points. Once you use the horn, it can't be used again until 7 days have passed.",other,1,5000,1,,0,0,,,,0,Arcane,#8800cc,883,item-358-brass-horn-of-valhalla.webp,https://tdodj-user-content-dev.s3.amazonaws.com/users/93074651-53ce-4b23-8031-2d6bd0d279da/images/item-358-brass-horn-of-valhalla.webp,Item-Other,true,true,,,,,,,false,false,,2026-05-20 11:48:25.471935-05,2026-05-20 11:48:25.471935-05
264,93074651-53ce-4b23-8031-2d6bd0d279da,DMMaster,Brazier of Commanding Fire Elementals,"While a fire burns in this brass brazier, you can use an action to speak the brazier's command word and summon a fire elemental, as if you had cast the conjure elemental spell. The brazier can't be used this way again until the next dawn.",other,1,5000,1,,0,0,,,,0,Arcane,#8800cc,827,item-264-brazier-of-commanding-fire-elementals.webp,https://tdodj-user-content-dev.s3.amazonaws.com/users/93074651-53ce-4b23-8031-2d6bd0d279da/images/item-264-brazier-of-commanding-fire-elementals.webp,Item-Other,true,true,,,,,,,false,false,,2026-05-20 11:48:14.145933-05,2026-05-20 11:48:14.145933-05
56,93074651-53ce-4b23-8031-2d6bd0d279da,DMMaster,Breastplate,Medium armor. AC 14.,armor,1,400,20,,14,0,Body,AC,,0,Blood,#cc0000,37,Leather Armor,https://tdodj-user-content-dev.s3.amazonaws.com/users/93074651-53ce-4b23-8031-2d6bd0d279da/images/1776738578503-c579e826-leatherbrestplate.jpg,Item-Armor,true,true,,,,,,,false,false,,2026-05-20 11:04:15.642966-05,2026-05-21 17:41:48.590753-05
57,93074651-53ce-4b23-8031-2d6bd0d279da,DMMaster,Brewer's Supplies,"These special tools include the items needed to pursue a craft or trade. The table shows examples of the most common types of tools, each providing items related to a single craft. Proficiency with a set of artisan's tools lets you add your proficiency bonus to any ability checks you make using the tools in your craft. Each type of artisan's tools requires a separate proficiency.",other,1,20,9,,0,0,,,,0,Blood,#cc0000,40,Potion Blue,https://tdodj-user-content-dev.s3.amazonaws.com/users/93074651-53ce-4b23-8031-2d6bd0d279da/images/1776211659025-69e08200-potions5.jpg,Potion,true,true,,,,,,,false,false,,2026-05-20 11:04:15.742084-05,2026-05-21 17:41:48.5919-05
298,93074651-53ce-4b23-8031-2d6bd0d279da,DMMaster,Bronze Dragon Scale Mail,"Dragon scale mail is made of the scales of a bronze dragon. Sometimes dragons collect their cast-off scales and gift them to humanoids. Other times, hunters carefully skin and preserve the hide of a dead dragon. In either case, dragon scale mail is highly valued.",armor,1,50000,1,,1,0,Body,AC,,0,Arcane,#8800cc,37,Leather Armor,https://tdodj-user-content-dev.s3.amazonaws.com/users/93074651-53ce-4b23-8031-2d6bd0d279da/images/1776738578503-c579e826-leatherbrestplate.jpg,Item-Armor,true,true,,,,,,,false,false,,2026-05-20 11:48:18.473921-05,2026-05-21 17:41:48.645887-05
328,93074651-53ce-4b23-8031-2d6bd0d279da,DMMaster,Bronze Griffon Figurine of Wondrous Power,"A figurine of wondrous power is a statuette of a beast small enough to fit in a pocket. If you use an action to speak the command word and throw the figurine to a point on the ground within 60 feet of you, the figurine becomes a living creature. If the space where the creature would appear is occupied by other creatures or objects, or if there isn't enough space for the creature, the figurine doesn't become a creature.",other,1,5000,1,,0,0,,,,0,Arcane,#8800cc,862,item-328-bronze-griffon-figurine-of-wondrous-power.webp,https://tdodj-user-content-dev.s3.amazonaws.com/users/93074651-53ce-4b23-8031-2d6bd0d279da/images/item-328-bronze-griffon-figurine-of-wondrous-power.webp,Item-Other,true,true,,,,,,,false,false,,2026-05-20 11:48:21.804197-05,2026-05-20 11:48:21.804197-05
359,93074651-53ce-4b23-8031-2d6bd0d279da,DMMaster,Bronze Horn of Valhalla,"You can use an action to blow this horn. In response, 4d4 + 4 warrior spirits from the Valhalla appear within 60 feet of you. They use the statistics of a berserker. They return to Valhalla after 1 hour or when they drop to 0 hit points. Once you use the horn, it can't be used again until 7 days have passed.",other,1,50000,1,,0,0,,,,0,Arcane,#8800cc,884,item-359-bronze-horn-of-valhalla.webp,https://tdodj-user-content-dev.s3.amazonaws.com/users/93074651-53ce-4b23-8031-2d6bd0d279da/images/item-359-bronze-horn-of-valhalla.webp,Item-Other,true,true,,,,,,,false,false,,2026-05-20 11:48:25.550405-05,2026-05-20 11:48:25.550405-05
265,93074651-53ce-4b23-8031-2d6bd0d279da,DMMaster,Brooch of Shielding,"While wearing this brooch, you have resistance to force damage, and you have immunity to damage from the magic missile spell.",other,1,500,1,,0,0,,,,0,Arcane,#8800cc,18,Shield,https://tdodj-user-content-dev.s3.amazonaws.com/users/93074651-53ce-4b23-8031-2d6bd0d279da/images/1775749744062-3957c9cd-shield-one.jpg,Item-Armor,true,true,,,,,,,false,false,,2026-05-20 11:48:14.244708-05,2026-05-21 17:41:48.639355-05
266,93074651-53ce-4b23-8031-2d6bd0d279da,DMMaster,Broom of Flying,"This wooden broom, which weighs 3 pounds, functions like a mundane broom until you stand astride it and speak its command word. It then hovers beneath you and can be ridden in the air. It has a flying speed of 50 feet. It can carry up to 400 pounds, but its flying speed becomes 30 feet while carrying over 200 pounds. The broom stops hovering when you land.",other,1,500,1,,0,0,,,,0,Arcane,#8800cc,828,item-266-broom-of-flying.webp,https://tdodj-user-content-dev.s3.amazonaws.com/users/93074651-53ce-4b23-8031-2d6bd0d279da/images/item-266-broom-of-flying.webp,Item-Other,true,true,,,,,,,false,false,,2026-05-20 11:48:14.333367-05,2026-05-20 11:48:14.333367-05
58,93074651-53ce-4b23-8031-2d6bd0d279da,DMMaster,Bucket,Adventuring Gear.,other,1,1,2,,0,0,,,,0,Blood,#cc0000,710,item-58-bucket.webp,https://tdodj-user-content-dev.s3.amazonaws.com/users/93074651-53ce-4b23-8031-2d6bd0d279da/images/item-58-bucket.webp,Item-Other,true,true,,,,,,,false,false,,2026-05-20 11:04:15.868345-05,2026-05-20 11:04:15.868345-05
59,93074651-53ce-4b23-8031-2d6bd0d279da,DMMaster,Burglar's Pack,Adventuring Gear.,other,1,16,0,,0,0,,,,0,Blood,#cc0000,36,Lock Picks,https://tdodj-user-content-dev.s3.amazonaws.com/users/93074651-53ce-4b23-8031-2d6bd0d279da/images/1776473759436-c5aeecb2-lockpick.jpg,Item-Pick,true,true,,,,,,,false,false,,2026-05-20 11:04:16.291343-05,2026-05-21 17:41:48.592583-05
60,93074651-53ce-4b23-8031-2d6bd0d279da,DMMaster,Calligrapher's Supplies,"These special tools include the items needed to pursue a craft or trade. The table shows examples of the most common types of tools, each providing items related to a single craft. Proficiency with a set of artisan's tools lets you add your proficiency bonus to any ability checks you make using the tools in your craft. Each type of artisan's tools requires a separate proficiency.",other,1,10,5,,0,0,,,,0,Blood,#cc0000,711,item-60-calligrapher-s-supplies.webp,https://tdodj-user-content-dev.s3.amazonaws.com/users/93074651-53ce-4b23-8031-2d6bd0d279da/images/item-60-calligrapher-s-supplies.webp,Item-Other,true,true,,,,,,,false,false,,2026-05-20 11:04:16.37433-05,2026-05-20 11:04:16.37433-05
61,93074651-53ce-4b23-8031-2d6bd0d279da,DMMaster,Caltrops,"As an action, you can spread a bag of caltrops to cover a square area that is 5 feet on a side.",other,1,1,2,,0,0,,,,0,Blood,#cc0000,712,item-61-caltrops.webp,https://tdodj-user-content-dev.s3.amazonaws.com/users/93074651-53ce-4b23-8031-2d6bd0d279da/images/item-61-caltrops.webp,Item-Other,true,true,,,,,,,false,false,,2026-05-20 11:04:16.465568-05,2026-05-20 11:04:16.465568-05
62,93074651-53ce-4b23-8031-2d6bd0d279da,DMMaster,Candle,"For 1 hour, a candle sheds bright light in a 5-foot radius and dim light for an additional 5 feet.",light,1,1,0,,0,0,,,,0,Blood,#cc0000,713,item-62-candle.webp,https://tdodj-user-content-dev.s3.amazonaws.com/users/93074651-53ce-4b23-8031-2d6bd0d279da/images/item-62-candle.webp,Item-Other,true,true,,,,,,,false,false,,2026-05-20 11:04:16.624384-05,2026-05-20 11:04:16.624384-05
267,93074651-53ce-4b23-8031-2d6bd0d279da,DMMaster,Candle of Invocation,This slender taper is dedicated to a deity and shares that deity's alignment. The candle's alignment can be detected with the detect evil and good spell. The GM chooses the god and associated alignment or determines the alignment randomly.,other,1,50000,1,,0,0,,,,0,Arcane,#8800cc,829,item-267-candle-of-invocation.webp,https://tdodj-user-content-dev.s3.amazonaws.com/users/93074651-53ce-4b23-8031-2d6bd0d279da/images/item-267-candle-of-invocation.webp,Item-Other,true,true,,,,,,,false,false,,2026-05-20 11:48:14.426885-05,2026-05-20 11:48:14.426885-05
268,93074651-53ce-4b23-8031-2d6bd0d279da,DMMaster,Cape of the Mountebank,"This cape smells faintly of brimstone. While wearing it, you can use it to cast the dimension door spell as an action. This property of the cape can't be used again until the next dawn.",other,1,5000,1,,0,0,,,,0,Arcane,#8800cc,69,helmet,https://tdodj-user-content-dev.s3.amazonaws.com/users/93074651-53ce-4b23-8031-2d6bd0d279da/images/1777753269899-c0e84361-helmet.png,Item-Armor,true,true,,,,,,,false,false,,2026-05-20 11:48:14.516775-05,2026-05-21 17:41:48.63983-05
63,93074651-53ce-4b23-8031-2d6bd0d279da,DMMaster,Carpenter's Tools,"These special tools include the items needed to pursue a craft or trade. The table shows examples of the most common types of tools, each providing items related to a single craft. Proficiency with a set of artisan's tools lets you add your proficiency bonus to any ability checks you make using the tools in your craft. Each type of artisan's tools requires a separate proficiency.",other,1,8,6,,0,0,,,,0,Blood,#cc0000,714,item-63-carpenter-s-tools.webp,https://tdodj-user-content-dev.s3.amazonaws.com/users/93074651-53ce-4b23-8031-2d6bd0d279da/images/item-63-carpenter-s-tools.webp,Item-Other,true,true,,,,,,,false,false,,2026-05-20 11:04:16.715962-05,2026-05-20 11:04:16.715962-05
269,93074651-53ce-4b23-8031-2d6bd0d279da,DMMaster,Carpet of Flying (3 ft. × 5 ft.),"You can speak the carpet's command word as an  action to make the carpet hover and fly. It moves according to your spoken directions, provided that you are within 30 feet of it.",other,1,50000,1,,0,0,,,,0,Arcane,#8800cc,830,item-269-carpet-of-flying-3-ft-5-ft.webp,https://tdodj-user-content-dev.s3.amazonaws.com/users/93074651-53ce-4b23-8031-2d6bd0d279da/images/item-269-carpet-of-flying-3-ft-5-ft.webp,Item-Other,true,true,,,,,,,false,false,,2026-05-20 11:48:14.670933-05,2026-05-20 11:48:14.670933-05
270,93074651-53ce-4b23-8031-2d6bd0d279da,DMMaster,Carpet of Flying (4 ft. × 6 ft.),"You can speak the carpet's command word as an  action to make the carpet hover and fly. It moves according to your spoken directions, provided that you are within 30 feet of it.",other,1,50000,1,,0,0,,,,0,Arcane,#8800cc,831,item-270-carpet-of-flying-4-ft-6-ft.webp,https://tdodj-user-content-dev.s3.amazonaws.com/users/93074651-53ce-4b23-8031-2d6bd0d279da/images/item-270-carpet-of-flying-4-ft-6-ft.webp,Item-Other,true,true,,,,,,,false,false,,2026-05-20 11:48:14.760769-05,2026-05-20 11:48:14.760769-05
271,93074651-53ce-4b23-8031-2d6bd0d279da,DMMaster,Carpet of Flying (5 ft. × 7 ft.),"You can speak the carpet's command word as an  action to make the carpet hover and fly. It moves according to your spoken directions, provided that you are within 30 feet of it.",other,1,50000,1,,0,0,,,,0,Arcane,#8800cc,832,item-271-carpet-of-flying-5-ft-7-ft.webp,https://tdodj-user-content-dev.s3.amazonaws.com/users/93074651-53ce-4b23-8031-2d6bd0d279da/images/item-271-carpet-of-flying-5-ft-7-ft.webp,Item-Other,true,true,,,,,,,false,false,,2026-05-20 11:48:14.852937-05,2026-05-20 11:48:14.852937-05
272,93074651-53ce-4b23-8031-2d6bd0d279da,DMMaster,Carpet of Flying (6 ft. × 9 ft.),"You can speak the carpet's command word as an  action to make the carpet hover and fly. It moves according to your spoken directions, provided that you are within 30 feet of it.",other,1,50000,1,,0,0,,,,0,Arcane,#8800cc,833,item-272-carpet-of-flying-6-ft-9-ft.webp,https://tdodj-user-content-dev.s3.amazonaws.com/users/93074651-53ce-4b23-8031-2d6bd0d279da/images/item-272-carpet-of-flying-6-ft-9-ft.webp,Item-Other,true,true,,,,,,,false,false,,2026-05-20 11:48:14.936207-05,2026-05-20 11:48:14.936207-05
64,93074651-53ce-4b23-8031-2d6bd0d279da,DMMaster,Cartographer's Tools,"These special tools include the items needed to pursue a craft or trade. The table shows examples of the most common types of tools, each providing items related to a single craft. Proficiency with a set of artisan's tools lets you add your proficiency bonus to any ability checks you make using the tools in your craft. Each type of artisan's tools requires a separate proficiency.",other,1,15,6,,0,0,,,,0,Blood,#cc0000,715,item-64-cartographer-s-tools.webp,https://tdodj-user-content-dev.s3.amazonaws.com/users/93074651-53ce-4b23-8031-2d6bd0d279da/images/item-64-cartographer-s-tools.webp,Item-Other,true,true,,,,,,,false,false,,2026-05-20 11:04:16.975611-05,2026-05-20 11:04:16.975611-05
65,93074651-53ce-4b23-8031-2d6bd0d279da,DMMaster,"Case, crossbow bolt",This wooden case can hold up to twenty crossbow bolts.,other,1,1,1,,0,0,,,,0,Blood,#cc0000,22,Crossbow,https://tdodj-user-content-dev.s3.amazonaws.com/users/93074651-53ce-4b23-8031-2d6bd0d279da/images/1776207074162-ebc7f78d-crossbow1.jpg,Item-Weapon,true,true,,,,,,,false,false,,2026-05-20 11:04:17.067472-05,2026-05-21 17:41:48.593204-05
66,93074651-53ce-4b23-8031-2d6bd0d279da,DMMaster,"Case, map or scroll",This cylindrical leather case can hold up to ten rolled-up sheets of paper or five rolled-up sheets of parchment.,other,1,1,1,,0,0,,,,0,Blood,#cc0000,46,Magic Scroll 1,https://tdodj-user-content-dev.s3.amazonaws.com/users/93074651-53ce-4b23-8031-2d6bd0d279da/images/1776213079205-9b14b4f9-magicscroll1.jpg,Spell,true,true,,,,,,,false,false,,2026-05-20 11:04:17.147736-05,2026-05-21 17:41:48.593751-05
67,93074651-53ce-4b23-8031-2d6bd0d279da,DMMaster,Censer,"A censer, typically found in a priest's pack.",other,1,1,0,,0,0,,,,0,Blood,#cc0000,716,item-67-censer.webp,https://tdodj-user-content-dev.s3.amazonaws.com/users/93074651-53ce-4b23-8031-2d6bd0d279da/images/item-67-censer.webp,Item-Other,true,true,,,,,,,false,false,,2026-05-20 11:04:17.229666-05,2026-05-20 11:04:17.229666-05
273,93074651-53ce-4b23-8031-2d6bd0d279da,DMMaster,Censer of Controlling Air Elementals,"While incense is burning in this censer, you can use an action to speak the censer's command word and summon an air elemental, as if you had cast the conjure elemental spell. The censer can't be used this way again until the next dawn.",other,1,5000,1,,0,0,,,,0,Arcane,#8800cc,834,item-273-censer-of-controlling-air-elementals.webp,https://tdodj-user-content-dev.s3.amazonaws.com/users/93074651-53ce-4b23-8031-2d6bd0d279da/images/item-273-censer-of-controlling-air-elementals.webp,Item-Other,true,true,,,,,,,false,false,,2026-05-20 11:48:15.020507-05,2026-05-20 11:48:15.020507-05
68,93074651-53ce-4b23-8031-2d6bd0d279da,DMMaster,Chain (10 feet),A chain has 10 hit points. It can be burst with a successful DC 20 Strength check.,other,1,5,10,,0,0,,,,0,Blood,#cc0000,717,item-68-chain-10-feet.webp,https://tdodj-user-content-dev.s3.amazonaws.com/users/93074651-53ce-4b23-8031-2d6bd0d279da/images/item-68-chain-10-feet.webp,Item-Other,true,true,,,,,,,false,false,,2026-05-20 11:04:17.319659-05,2026-05-20 11:04:17.319659-05
69,93074651-53ce-4b23-8031-2d6bd0d279da,DMMaster,Chain Mail,Heavy armor. AC 16. Imposes disadvantage on Stealth checks. Requires 13 Strength.,armor,1,75,55,,16,0,Body,AC,,0,Blood,#cc0000,37,Leather Armor,https://tdodj-user-content-dev.s3.amazonaws.com/users/93074651-53ce-4b23-8031-2d6bd0d279da/images/1776738578503-c579e826-leatherbrestplate.jpg,Item-Armor,true,true,,,,,,,false,false,,2026-05-20 11:04:17.405947-05,2026-05-21 17:41:48.594457-05
70,93074651-53ce-4b23-8031-2d6bd0d279da,DMMaster,Chain Shirt,Medium armor. AC 13.,armor,1,50,20,,13,0,Body,AC,,0,Blood,#cc0000,69,helmet,https://tdodj-user-content-dev.s3.amazonaws.com/users/93074651-53ce-4b23-8031-2d6bd0d279da/images/1777753269899-c0e84361-helmet.png,Item-Armor,true,true,,,,,,,false,false,,2026-05-20 11:04:17.492661-05,2026-05-21 17:41:48.595101-05
71,93074651-53ce-4b23-8031-2d6bd0d279da,DMMaster,Chalk (1 piece),Adventuring Gear.,other,1,1,0,,0,0,,,,0,Blood,#cc0000,718,item-71-chalk-1-piece.webp,https://tdodj-user-content-dev.s3.amazonaws.com/users/93074651-53ce-4b23-8031-2d6bd0d279da/images/item-71-chalk-1-piece.webp,Item-Other,true,true,,,,,,,false,false,,2026-05-20 11:04:17.583755-05,2026-05-20 11:04:17.583755-05
72,93074651-53ce-4b23-8031-2d6bd0d279da,DMMaster,Chest,Adventuring Gear.,other,1,5,25,,0,0,,,,0,Blood,#cc0000,74,Locked box,https://tdodj-user-content-dev.s3.amazonaws.com/users/93074651-53ce-4b23-8031-2d6bd0d279da/images/1778449564316-84513adf-locked-box-1.jpg,Tresher,true,true,,,,,,,false,false,,2026-05-20 11:04:17.749238-05,2026-05-21 17:41:48.595754-05
274,93074651-53ce-4b23-8031-2d6bd0d279da,DMMaster,Chime of Opening,"This hollow metal tube measures about 1 foot long and weighs 1 pound. You can strike it as an action, pointing it at an object within 120 feet of you that can be opened, such as a door, lid, or lock. The chime issues a clear tone, and one lock or latch on the object opens unless the sound can't reach the object. If no locks or latches remain, the object itself opens.",other,1,5000,1,,0,0,,,,0,Arcane,#8800cc,835,item-274-chime-of-opening.webp,https://tdodj-user-content-dev.s3.amazonaws.com/users/93074651-53ce-4b23-8031-2d6bd0d279da/images/item-274-chime-of-opening.webp,Item-Other,true,true,,,,,,,false,false,,2026-05-20 11:48:15.098619-05,2026-05-20 11:48:15.098619-05
275,93074651-53ce-4b23-8031-2d6bd0d279da,DMMaster,Circlet of Blasting,"While wearing this circlet, you can use an action to cast the scorching ray spell with it. When you make the spell's attacks, you do so with an attack bonus of +5. The circlet can't be used this way again until the next dawn.",other,1,500,1,,0,0,Head,,,0,Arcane,#8800cc,69,helmet,https://tdodj-user-content-dev.s3.amazonaws.com/users/93074651-53ce-4b23-8031-2d6bd0d279da/images/1777753269899-c0e84361-helmet.png,Item-Armor,true,true,,,,,,,false,false,,2026-05-20 11:48:15.233468-05,2026-05-21 17:41:48.640276-05
73,93074651-53ce-4b23-8031-2d6bd0d279da,DMMaster,Climber's Kit,"A climber's kit includes special pitons, boot tips, gloves, and a harness. You can use the climber's kit as an action to anchor yourself; when you do, you can't fall more than 25 feet from the point where you anchored yourself, and you can't climb more than 25 feet away from that point without undoing the anchor.",other,1,25,12,,0,0,,,,0,Blood,#cc0000,719,item-73-climber-s-kit.webp,https://tdodj-user-content-dev.s3.amazonaws.com/users/93074651-53ce-4b23-8031-2d6bd0d279da/images/item-73-climber-s-kit.webp,Item-Other,true,true,,,,,,,false,false,,2026-05-20 11:04:17.85795-05,2026-05-20 11:04:17.85795-05
276,93074651-53ce-4b23-8031-2d6bd0d279da,DMMaster,Cloak of Arachnida,"This fine garment is made of black silk interwoven with faint silvery threads. While wearing it, you gain the following benefits:",other,1,50000,1,,0,0,Body,,,0,Arcane,#8800cc,836,item-276-cloak-of-arachnida.webp,https://tdodj-user-content-dev.s3.amazonaws.com/users/93074651-53ce-4b23-8031-2d6bd0d279da/images/item-276-cloak-of-arachnida.webp,Item-Other,true,true,,,,,,,false,false,,2026-05-20 11:48:15.354909-05,2026-05-20 11:48:15.354909-05
277,93074651-53ce-4b23-8031-2d6bd0d279da,DMMaster,Cloak of Displacement,"While you wear this cloak, it projects an illusion that makes you appear to be standing in a place near your actual location, causing any creature to have disadvantage on attack rolls against you. If you take damage, the property ceases to function until the start of your next turn. This property is suppressed while you are incapacitated, restrained, or otherwise unable to move.",other,1,5000,1,,0,0,Body,,,0,Arcane,#8800cc,837,item-277-cloak-of-displacement.webp,https://tdodj-user-content-dev.s3.amazonaws.com/users/93074651-53ce-4b23-8031-2d6bd0d279da/images/item-277-cloak-of-displacement.webp,Item-Other,true,true,,,,,,,false,false,,2026-05-20 11:48:15.451-05,2026-05-20 11:48:15.451-05
278,93074651-53ce-4b23-8031-2d6bd0d279da,DMMaster,Cloak of Elvenkind,"While you wear this cloak with its hood up, Wisdom (Perception) checks made to see you have disadvantage, and you have advantage on Dexterity (Stealth) checks made to hide, as the cloak's color shifts to camouflage you. Pulling the hood up or down requires an action.",other,1,500,1,,0,0,Body,,,0,Arcane,#8800cc,838,item-278-cloak-of-elvenkind.webp,https://tdodj-user-content-dev.s3.amazonaws.com/users/93074651-53ce-4b23-8031-2d6bd0d279da/images/item-278-cloak-of-elvenkind.webp,Item-Other,true,true,,,,,,,false,false,,2026-05-20 11:48:15.525686-05,2026-05-20 11:48:15.525686-05
279,93074651-53ce-4b23-8031-2d6bd0d279da,DMMaster,Cloak of Protection,You gain a +1 bonus to AC and saving throws while you wear this cloak.,other,1,500,1,,1,0,Body,AC,,0,Arcane,#8800cc,839,item-279-cloak-of-protection.webp,https://tdodj-user-content-dev.s3.amazonaws.com/users/93074651-53ce-4b23-8031-2d6bd0d279da/images/item-279-cloak-of-protection.webp,Item-Other,true,true,,,,,,,false,false,,2026-05-20 11:48:15.908753-05,2026-05-20 11:48:15.908753-05
280,93074651-53ce-4b23-8031-2d6bd0d279da,DMMaster,Cloak of the Bat,"While wearing this cloak, you have advantage on Dexterity (Stealth) checks. In an area of dim light or darkness, you can grip the edges of the cloak with both hands and use it to fly at a speed of 40 feet. If you ever fail to grip the cloak's edges while flying in this way, or if you are no longer in dim light or darkness, you lose this flying speed.",other,1,5000,1,,0,0,Body,,,0,Arcane,#8800cc,840,item-280-cloak-of-the-bat.webp,https://tdodj-user-content-dev.s3.amazonaws.com/users/93074651-53ce-4b23-8031-2d6bd0d279da/images/item-280-cloak-of-the-bat.webp,Item-Other,true,true,,,,,,,false,false,,2026-05-20 11:48:15.990741-05,2026-05-20 11:48:15.990741-05
281,93074651-53ce-4b23-8031-2d6bd0d279da,DMMaster,Cloak of the Manta Ray,"While wearing this cloak with its hood up, you can breathe underwater, and you have a swimming speed of 60 feet. Pulling the hood up or down requires an action.",other,1,500,1,,0,0,Body,,,0,Arcane,#8800cc,841,item-281-cloak-of-the-manta-ray.webp,https://tdodj-user-content-dev.s3.amazonaws.com/users/93074651-53ce-4b23-8031-2d6bd0d279da/images/item-281-cloak-of-the-manta-ray.webp,Item-Other,true,true,,,,,,,false,false,,2026-05-20 11:48:16.071536-05,2026-05-20 11:48:16.071536-05
74,93074651-53ce-4b23-8031-2d6bd0d279da,DMMaster,"Clothes, common",Adventuring Gear.,other,1,1,3,,0,0,,,,0,Blood,#cc0000,720,item-74-clothes-common.webp,https://tdodj-user-content-dev.s3.amazonaws.com/users/93074651-53ce-4b23-8031-2d6bd0d279da/images/item-74-clothes-common.webp,Item-Other,true,true,,,,,,,false,false,,2026-05-20 11:04:17.987877-05,2026-05-20 11:04:17.987877-05
75,93074651-53ce-4b23-8031-2d6bd0d279da,DMMaster,"Clothes, costume",Adventuring Gear.,other,1,5,4,,0,0,,,,0,Blood,#cc0000,721,item-75-clothes-costume.webp,https://tdodj-user-content-dev.s3.amazonaws.com/users/93074651-53ce-4b23-8031-2d6bd0d279da/images/item-75-clothes-costume.webp,Item-Other,true,true,,,,,,,false,false,,2026-05-20 11:04:18.394125-05,2026-05-20 11:04:18.394125-05
76,93074651-53ce-4b23-8031-2d6bd0d279da,DMMaster,"Clothes, fine",Adventuring Gear.,other,1,15,6,,0,0,,,,0,Blood,#cc0000,722,item-76-clothes-fine.webp,https://tdodj-user-content-dev.s3.amazonaws.com/users/93074651-53ce-4b23-8031-2d6bd0d279da/images/item-76-clothes-fine.webp,Item-Other,true,true,,,,,,,false,false,,2026-05-20 11:04:18.47747-05,2026-05-20 11:04:18.47747-05
77,93074651-53ce-4b23-8031-2d6bd0d279da,DMMaster,"Clothes, traveler's",Adventuring Gear.,other,1,2,4,,0,0,,,,0,Blood,#cc0000,723,item-77-clothes-traveler-s.webp,https://tdodj-user-content-dev.s3.amazonaws.com/users/93074651-53ce-4b23-8031-2d6bd0d279da/images/item-77-clothes-traveler-s.webp,Item-Other,true,true,,,,,,,false,false,,2026-05-20 11:04:18.562569-05,2026-05-20 11:04:18.562569-05
78,93074651-53ce-4b23-8031-2d6bd0d279da,DMMaster,Club,Simple Melee. Deals 1d4 Bludgeoning damage.,weapon,1,1,2,,0,6,,,,0,Blood,#cc0000,27,War Hammer,https://tdodj-user-content-dev.s3.amazonaws.com/users/93074651-53ce-4b23-8031-2d6bd0d279da/images/1776207278855-e30b1fcc-war-hammer3.jpg,Item-Weapon,true,true,,,,,,,false,false,,2026-05-20 11:04:18.656844-05,2026-05-21 17:41:48.596373-05
79,93074651-53ce-4b23-8031-2d6bd0d279da,DMMaster,Cobbler's Tools,"These special tools include the items needed to pursue a craft or trade. The table shows examples of the most common types of tools, each providing items related to a single craft. Proficiency with a set of artisan's tools lets you add your proficiency bonus to any ability checks you make using the tools in your craft. Each type of artisan's tools requires a separate proficiency.",other,1,5,5,,0,0,,,,0,Blood,#cc0000,724,item-79-cobbler-s-tools.webp,https://tdodj-user-content-dev.s3.amazonaws.com/users/93074651-53ce-4b23-8031-2d6bd0d279da/images/item-79-cobbler-s-tools.webp,Item-Other,true,true,,,,,,,false,false,,2026-05-20 11:04:18.746862-05,2026-05-20 11:04:18.746862-05
80,93074651-53ce-4b23-8031-2d6bd0d279da,DMMaster,Component pouch,"A component pouch is a small, watertight leather belt pouch that has compartments to hold all the material components and other special items you need to cast your spells, except for those components that have a specific cost (as indicated in a spell's description).",other,1,25,2,,0,0,,,,0,Blood,#cc0000,725,item-80-component-pouch.webp,https://tdodj-user-content-dev.s3.amazonaws.com/users/93074651-53ce-4b23-8031-2d6bd0d279da/images/item-80-component-pouch.webp,Item-Other,true,true,,,,,,,false,false,,2026-05-20 11:04:18.833541-05,2026-05-20 11:04:18.833541-05
81,93074651-53ce-4b23-8031-2d6bd0d279da,DMMaster,Cook's utensils,"These special tools include the items needed to pursue a craft or trade. The table shows examples of the most common types of tools, each providing items related to a single craft. Proficiency with a set of artisan's tools lets you add your proficiency bonus to any ability checks you make using the tools in your craft. Each type of artisan's tools requires a separate proficiency.",other,1,1,8,,0,0,,,,0,Blood,#cc0000,726,item-81-cook-s-utensils.webp,https://tdodj-user-content-dev.s3.amazonaws.com/users/93074651-53ce-4b23-8031-2d6bd0d279da/images/item-81-cook-s-utensils.webp,Item-Other,true,true,,,,,,,false,false,,2026-05-20 11:04:18.920885-05,2026-05-20 11:04:18.920885-05
299,93074651-53ce-4b23-8031-2d6bd0d279da,DMMaster,Copper Dragon Scale Mail,"Dragon scale mail is made of the scales of a copper dragon. Sometimes dragons collect their cast-off scales and gift them to humanoids. Other times, hunters carefully skin and preserve the hide of a dead dragon. In either case, dragon scale mail is highly valued.",armor,1,50000,1,,1,0,Body,AC,,0,Arcane,#8800cc,37,Leather Armor,https://tdodj-user-content-dev.s3.amazonaws.com/users/93074651-53ce-4b23-8031-2d6bd0d279da/images/1776738578503-c579e826-leatherbrestplate.jpg,Item-Armor,true,true,,,,,,,false,false,,2026-05-20 11:48:18.551221-05,2026-05-21 17:41:48.646269-05
15,93074651-53ce-4b23-8031-2d6bd0d279da,DMMaster,Crossbow,A mechanical ranged weapon loaded with short bolts.,weapon,0,14,4,,0,6,,,,0,Blood,#cc0000,22,Crossbow,https://tdodj-user-content-dev.s3.amazonaws.com/users/93074651-53ce-4b23-8031-2d6bd0d279da/images/1776207074162-ebc7f78d-crossbow1.jpg,Item-Weapon,true,true,,,,,,,true,false,,2026-04-26 16:03:07.994877-05,2026-04-26 16:03:07.994877-05
82,93074651-53ce-4b23-8031-2d6bd0d279da,DMMaster,"Crossbow, hand",Martial Ranged. Deals 1d6 Piercing damage.,weapon,6,75,3,,0,6,,,,0,Blood,#cc0000,22,Crossbow,https://tdodj-user-content-dev.s3.amazonaws.com/users/93074651-53ce-4b23-8031-2d6bd0d279da/images/1776207074162-ebc7f78d-crossbow1.jpg,Item-Weapon,true,true,,,,,,,false,false,,2026-05-20 11:04:19.154035-05,2026-05-21 17:41:48.597083-05
83,93074651-53ce-4b23-8031-2d6bd0d279da,DMMaster,"Crossbow, heavy",Martial Ranged. Deals 1d10 Piercing damage.,weapon,20,50,18,,0,10,,,,0,Blood,#cc0000,22,Crossbow,https://tdodj-user-content-dev.s3.amazonaws.com/users/93074651-53ce-4b23-8031-2d6bd0d279da/images/1776207074162-ebc7f78d-crossbow1.jpg,Item-Weapon,true,true,,,,,,,false,true,,2026-05-20 11:04:19.239256-05,2026-05-21 17:41:48.597987-05
84,93074651-53ce-4b23-8031-2d6bd0d279da,DMMaster,"Crossbow, light",Simple Ranged. Deals 1d8 Piercing damage.,weapon,16,25,5,,0,8,,,,0,Blood,#cc0000,22,Crossbow,https://tdodj-user-content-dev.s3.amazonaws.com/users/93074651-53ce-4b23-8031-2d6bd0d279da/images/1776207074162-ebc7f78d-crossbow1.jpg,Item-Weapon,true,true,,,,,,,false,true,,2026-05-20 11:04:19.330043-05,2026-05-21 17:41:48.59856-05
85,93074651-53ce-4b23-8031-2d6bd0d279da,DMMaster,Crowbar,Using a crowbar grants advantage to Strength checks where the crowbar's leverage can be applied.,other,1,2,5,,0,0,,,,0,Blood,#cc0000,727,item-85-crowbar.webp,https://tdodj-user-content-dev.s3.amazonaws.com/users/93074651-53ce-4b23-8031-2d6bd0d279da/images/item-85-crowbar.webp,Item-Other,true,true,,,,,,,false,false,,2026-05-20 11:04:19.423385-05,2026-05-20 11:04:19.423385-05
86,93074651-53ce-4b23-8031-2d6bd0d279da,DMMaster,Crystal,"An arcane focus is a special item--an orb, a crystal, a rod, a specially constructed staff, a wand-like length of wood, or some similar item--designed to channel the power of arcane spells. A sorcerer, warlock, or wizard can use such an item as a spellcasting focus.",other,1,10,1,,0,0,,,,0,Blood,#cc0000,72,Blue gem stonr,https://tdodj-user-content-dev.s3.amazonaws.com/users/93074651-53ce-4b23-8031-2d6bd0d279da/images/1778123738823-bb5e0c69-blue-gem-stonr.png,Item-Gem,true,true,,,,,,,false,false,,2026-05-20 11:04:19.508001-05,2026-05-21 17:41:48.599228-05
282,93074651-53ce-4b23-8031-2d6bd0d279da,DMMaster,Crystal Ball of Mind Reading,"The crystal ball is about 6 inches in diameter. While touching it, you can cast the scrying spell (save DC 17) with it.",other,1,100000,1,,0,0,,,,0,Arcane,#8800cc,72,Blue gem stonr,https://tdodj-user-content-dev.s3.amazonaws.com/users/93074651-53ce-4b23-8031-2d6bd0d279da/images/1778123738823-bb5e0c69-blue-gem-stonr.png,Item-Gem,true,true,,,,,,,false,false,,2026-05-20 11:48:16.589732-05,2026-05-21 17:41:48.640736-05
283,93074651-53ce-4b23-8031-2d6bd0d279da,DMMaster,Crystal Ball of Telepathy,"The crystal ball is about 6 inches in diameter. While touching it, you can cast the scrying spell (save DC 17) with it.",other,1,100000,1,,0,0,,,,0,Arcane,#8800cc,49,Blue Magic Stone,https://tdodj-user-content-dev.s3.amazonaws.com/users/93074651-53ce-4b23-8031-2d6bd0d279da/images/1776520054135-ee263bff-blue-magic-stone.jpg,Item-Gem,true,true,,,,,,,false,false,,2026-05-20 11:48:16.67534-05,2026-05-21 17:41:48.641278-05
284,93074651-53ce-4b23-8031-2d6bd0d279da,DMMaster,Crystal Ball of True Seeing,"The crystal ball is about 6 inches in diameter. While touching it, you can cast the scrying spell (save DC 17) with it.",other,1,100000,1,,0,0,,,,0,Arcane,#8800cc,49,Blue Magic Stone,https://tdodj-user-content-dev.s3.amazonaws.com/users/93074651-53ce-4b23-8031-2d6bd0d279da/images/1776520054135-ee263bff-blue-magic-stone.jpg,Item-Gem,true,true,,,,,,,false,false,,2026-05-20 11:48:16.752786-05,2026-05-21 17:41:48.641873-05
285,93074651-53ce-4b23-8031-2d6bd0d279da,DMMaster,Cube of Force,"This cube is about an inch across. Each face has a distinct marking on it that can be pressed. The cube starts with 36 charges, and it regains 1d20 expended charges daily at dawn.",other,1,5000,1,,0,0,,,,0,Arcane,#8800cc,842,item-285-cube-of-force.webp,https://tdodj-user-content-dev.s3.amazonaws.com/users/93074651-53ce-4b23-8031-2d6bd0d279da/images/item-285-cube-of-force.webp,Item-Other,true,true,,,,,,,false,false,,2026-05-20 11:48:16.847094-05,2026-05-20 11:48:16.847094-05
286,93074651-53ce-4b23-8031-2d6bd0d279da,DMMaster,Cubic Gate,"This cube is 3 inches across and radiates palpable magical energy. The six sides of the cube are each keyed to a different plane of existence, one of which is the Material Plane. The other sides are linked to planes determined by the GM.",other,1,100000,1,,0,0,,,,0,Arcane,#8800cc,843,item-286-cubic-gate.webp,https://tdodj-user-content-dev.s3.amazonaws.com/users/93074651-53ce-4b23-8031-2d6bd0d279da/images/item-286-cubic-gate.webp,Item-Other,true,true,,,,,,,false,false,,2026-05-20 11:48:16.929119-05,2026-05-20 11:48:16.929119-05
19,93074651-53ce-4b23-8031-2d6bd0d279da,DMMaster,Cursed Blade,A wicked blade that wounds its foes — and its wielder.,weapon,1,18,4,8,0,4,,,,0,Blood,#cc0000,21,Long Sword,https://tdodj-user-content-dev.s3.amazonaws.com/users/93074651-53ce-4b23-8031-2d6bd0d279da/images/1775863871958-86e37a04-biggersword.jpg,Item-Weapon,true,true,,,,,,,true,false,,2026-04-26 16:03:07.994877-05,2026-04-26 16:03:07.994877-05
3,93074651-53ce-4b23-8031-2d6bd0d279da,DMMaster,Dagger,A short blade for close quarters. Fast and easy to conceal.,weapon,1,5,1,,0,6,,,,0,Blood,#cc0000,20,Dagger,https://tdodj-user-content-dev.s3.amazonaws.com/users/93074651-53ce-4b23-8031-2d6bd0d279da/images/1775863950949-87772d5c-dagger.jpg,Item-Weapon,true,true,,,,,,,true,false,,2026-04-26 16:03:07.994877-05,2026-04-26 16:03:07.994877-05
287,93074651-53ce-4b23-8031-2d6bd0d279da,DMMaster,Dagger of Venom,You gain a +1 bonus to attack and damage rolls made with this magic weapon.,weapon,1,5000,1,,0,4,,,,0,Arcane,#8800cc,25,Throwing Knife,https://tdodj-user-content-dev.s3.amazonaws.com/users/93074651-53ce-4b23-8031-2d6bd0d279da/images/1776207199180-1c6fb7a6-throwing-knife.png,Item-Weapon,true,true,,,,,,,false,false,,2026-05-20 11:48:17.006826-05,2026-05-21 17:41:48.642451-05
288,93074651-53ce-4b23-8031-2d6bd0d279da,DMMaster,Dancing Sword,"You can use a bonus action to toss this magic sword into the air and speak the command word. When you do so, the sword begins to hover, flies up to 30 feet, and attacks one creature of your choice within 5 feet of it. The sword uses your attack roll and ability score modifier to damage rolls.",weapon,1,50000,1,,0,6,,,,0,Arcane,#8800cc,34,Rapier,https://tdodj-user-content-dev.s3.amazonaws.com/users/93074651-53ce-4b23-8031-2d6bd0d279da/images/1776207963723-d6e31d72-rapier2.png,Item-Weapon,true,true,,,,,,,false,false,,2026-05-20 11:48:17.082724-05,2026-05-21 17:41:48.643085-05
219,93074651-53ce-4b23-8031-2d6bd0d279da,DMMaster,Dart,Simple Ranged. Deals 1d4 Piercing damage.,weapon,4,1,1,,0,6,,,,0,Blood,#cc0000,24,Short Bow,https://tdodj-user-content-dev.s3.amazonaws.com/users/93074651-53ce-4b23-8031-2d6bd0d279da/images/1776207119573-bfb9a32d-shortbow.png,Item-Weapon,true,true,,,,,,,false,false,,2026-05-20 11:07:26.311766-05,2026-05-21 17:41:48.631626-05
289,93074651-53ce-4b23-8031-2d6bd0d279da,DMMaster,Decanter of Endless Water,"This stoppered flask sloshes when shaken, as if it contains water. The decanter weighs 2 pounds.",other,1,500,1,,0,0,,,,0,Arcane,#8800cc,844,item-289-decanter-of-endless-water.webp,https://tdodj-user-content-dev.s3.amazonaws.com/users/93074651-53ce-4b23-8031-2d6bd0d279da/images/item-289-decanter-of-endless-water.webp,Item-Other,true,true,,,,,,,false,false,,2026-05-20 11:48:17.165009-05,2026-05-20 11:48:17.165009-05
290,93074651-53ce-4b23-8031-2d6bd0d279da,DMMaster,Deck of Illusions,This box contains a set of parchment cards. A full deck has 34 cards. A deck found as treasure is usually missing 1d20 - 1 cards.,other,1,500,1,,0,0,,,,0,Arcane,#8800cc,845,item-290-deck-of-illusions.webp,https://tdodj-user-content-dev.s3.amazonaws.com/users/93074651-53ce-4b23-8031-2d6bd0d279da/images/item-290-deck-of-illusions.webp,Item-Other,true,true,,,,,,,false,false,,2026-05-20 11:48:17.264147-05,2026-05-20 11:48:17.264147-05
291,93074651-53ce-4b23-8031-2d6bd0d279da,DMMaster,Deck of Many Things,"Usually found in a box or pouch, this deck contains a number of cards made of ivory or vellum. Most (75 percent) of these decks have only thirteen cards, but the rest have twenty-two.",other,1,100000,1,,0,0,,,,0,Arcane,#8800cc,846,item-291-deck-of-many-things.webp,https://tdodj-user-content-dev.s3.amazonaws.com/users/93074651-53ce-4b23-8031-2d6bd0d279da/images/item-291-deck-of-many-things.webp,Item-Other,true,true,,,,,,,false,false,,2026-05-20 11:48:17.400058-05,2026-05-20 11:48:17.400058-05
292,93074651-53ce-4b23-8031-2d6bd0d279da,DMMaster,Defender,You gain a +3 bonus to attack and damage rolls made with this magic weapon.,weapon,1,100000,1,,2,6,,AC,,0,Arcane,#8800cc,34,Rapier,https://tdodj-user-content-dev.s3.amazonaws.com/users/93074651-53ce-4b23-8031-2d6bd0d279da/images/1776207963723-d6e31d72-rapier2.png,Item-Weapon,true,true,,,,,,,false,false,,2026-05-20 11:48:17.501146-05,2026-05-21 17:41:48.643625-05
293,93074651-53ce-4b23-8031-2d6bd0d279da,DMMaster,Demon Armor,"While wearing this armor, you gain a +1 bonus to AC, and you can understand and speak Abyssal. In addition, the armor's clawed gauntlets turn unarmed strikes with your hands into magic weapons that deal slashing damage, with a +1 bonus to attack rolls and damage rolls and a damage die of 1d8.",armor,1,50000,1,,1,0,Body,AC,,0,Arcane,#8800cc,18,Shield,https://tdodj-user-content-dev.s3.amazonaws.com/users/93074651-53ce-4b23-8031-2d6bd0d279da/images/1775749744062-3957c9cd-shield-one.jpg,Item-Armor,true,true,,,,,,,false,false,,2026-05-20 11:48:17.632396-05,2026-05-21 17:41:48.644162-05
87,93074651-53ce-4b23-8031-2d6bd0d279da,DMMaster,Dice Set,"This item encompasses a wide range of game pieces, including dice and decks of cards (for games such as Three-Dragon Ante). A few common examples appear on the Tools table, but other kinds of gaming sets exist. If you are proficient with a gaming set, you can add your proficiency bonus to ability checks you make to play a game with that set. Each type of gaming set requires a separate proficiency.",other,1,1,0,,0,0,,,,0,Blood,#cc0000,728,item-87-dice-set.webp,https://tdodj-user-content-dev.s3.amazonaws.com/users/93074651-53ce-4b23-8031-2d6bd0d279da/images/item-87-dice-set.webp,Item-Other,true,true,,,,,,,false,false,,2026-05-20 11:04:19.790971-05,2026-05-20 11:04:19.790971-05
294,93074651-53ce-4b23-8031-2d6bd0d279da,DMMaster,Dimensional Shackles,"You can use an action to place these shackles on an incapacitated creature. The shackles adjust to fit a creature of Small to Large size. In addition to serving as mundane manacles, the shackles prevent a creature bound by them from using any method of extradimensional movement, including teleportation or travel to a different plane of existence. They don't prevent the creature from passing through an interdimensional portal.",other,1,5000,1,,0,0,,,,0,Arcane,#8800cc,847,item-294-dimensional-shackles.webp,https://tdodj-user-content-dev.s3.amazonaws.com/users/93074651-53ce-4b23-8031-2d6bd0d279da/images/item-294-dimensional-shackles.webp,Item-Other,true,true,,,,,,,false,false,,2026-05-20 11:48:17.710693-05,2026-05-20 11:48:17.710693-05
88,93074651-53ce-4b23-8031-2d6bd0d279da,DMMaster,Diplomat's Pack,Adventuring Gear.,other,1,39,0,,0,0,,,,0,Blood,#cc0000,729,item-88-diplomat-s-pack.webp,https://tdodj-user-content-dev.s3.amazonaws.com/users/93074651-53ce-4b23-8031-2d6bd0d279da/images/item-88-diplomat-s-pack.webp,Item-Other,true,true,,,,,,,false,false,,2026-05-20 11:04:19.898587-05,2026-05-20 11:04:19.898587-05
89,93074651-53ce-4b23-8031-2d6bd0d279da,DMMaster,Disguise Kit,"This pouch of cosmetics, hair dye, and small props lets you create disguises that change your physical appearance. Proficiency with this kit lets you add your proficiency bonus to any ability checks you make to create a visual disguise.",other,1,25,3,,0,0,,,,0,Blood,#cc0000,730,item-89-disguise-kit.webp,https://tdodj-user-content-dev.s3.amazonaws.com/users/93074651-53ce-4b23-8031-2d6bd0d279da/images/item-89-disguise-kit.webp,Item-Other,true,true,,,,,,,false,false,,2026-05-20 11:04:19.985308-05,2026-05-20 11:04:19.985308-05
305,93074651-53ce-4b23-8031-2d6bd0d279da,DMMaster,Dragon Slayer,You gain a +1 bonus to attack and damage rolls made with this magic weapon.,weapon,1,5000,1,,0,4,,,,0,Arcane,#8800cc,23,Long Bow,https://tdodj-user-content-dev.s3.amazonaws.com/users/93074651-53ce-4b23-8031-2d6bd0d279da/images/1776207099926-b1bfb215-longbow1.png,Item-Weapon,true,true,,,,,,,false,false,,2026-05-20 11:48:19.135696-05,2026-05-21 17:41:48.648977-05
90,93074651-53ce-4b23-8031-2d6bd0d279da,DMMaster,Drum,"Several of the most common types of musical instruments are shown on the table as examples. If you have proficiency with a given musical instrument, you can add your proficiency bonus to any ability checks you make to play music with the instrument. A bard can use a musical instrument as a spellcasting focus. Each type of musical instrument requires a separate proficiency.",other,1,6,3,,0,0,,,,0,Blood,#cc0000,731,item-90-drum.webp,https://tdodj-user-content-dev.s3.amazonaws.com/users/93074651-53ce-4b23-8031-2d6bd0d279da/images/item-90-drum.webp,Item-Other,true,true,,,,,,,false,false,,2026-05-20 11:04:20.252301-05,2026-05-20 11:04:20.252301-05
91,93074651-53ce-4b23-8031-2d6bd0d279da,DMMaster,Dulcimer,"Several of the most common types of musical instruments are shown on the table as examples. If you have proficiency with a given musical instrument, you can add your proficiency bonus to any ability checks you make to play music with the instrument. A bard can use a musical instrument as a spellcasting focus. Each type of musical instrument requires a separate proficiency.",other,1,25,10,,0,0,,,,0,Blood,#cc0000,732,item-91-dulcimer.webp,https://tdodj-user-content-dev.s3.amazonaws.com/users/93074651-53ce-4b23-8031-2d6bd0d279da/images/item-91-dulcimer.webp,Item-Other,true,true,,,,,,,false,false,,2026-05-20 11:04:20.654198-05,2026-05-20 11:04:20.654198-05
92,93074651-53ce-4b23-8031-2d6bd0d279da,DMMaster,Dungeoneer's Pack,Adventuring Gear.,other,1,12,0,,0,0,,,,0,Blood,#cc0000,733,item-92-dungeoneer-s-pack.webp,https://tdodj-user-content-dev.s3.amazonaws.com/users/93074651-53ce-4b23-8031-2d6bd0d279da/images/item-92-dungeoneer-s-pack.webp,Item-Other,true,true,,,,,,,false,false,,2026-05-20 11:04:20.746785-05,2026-05-20 11:04:20.746785-05
306,93074651-53ce-4b23-8031-2d6bd0d279da,DMMaster,Dust of Disappearance,"Found in a small packet, this powder resembles very fine sand. There is enough of it for one use. When you use an action to throw the dust into the air, you and each creature and object within 10 feet of you become invisible for 2d4 minutes. The duration is the same for all subjects, and the dust is consumed when its magic takes effect. If a creature affected by the dust attacks or casts a spell, the invisibility ends for that creature.",other,1,500,1,,0,0,,,,0,Arcane,#8800cc,848,item-306-dust-of-disappearance.webp,https://tdodj-user-content-dev.s3.amazonaws.com/users/93074651-53ce-4b23-8031-2d6bd0d279da/images/item-306-dust-of-disappearance.webp,Item-Other,true,true,,,,,,,false,false,,2026-05-20 11:48:19.215877-05,2026-05-20 11:48:19.215877-05
307,93074651-53ce-4b23-8031-2d6bd0d279da,DMMaster,Dust of Dryness,"This small packet contains 1d6 + 4 pinches of dust. You can use an action to sprinkle a pinch of it over water. The dust turns a cube of water 15 feet on a side into one marble-sized pellet, which floats or rests near where the dust was sprinkled. The pellet's weight is negligible.",other,1,500,1,,0,0,,,,0,Arcane,#8800cc,849,item-307-dust-of-dryness.webp,https://tdodj-user-content-dev.s3.amazonaws.com/users/93074651-53ce-4b23-8031-2d6bd0d279da/images/item-307-dust-of-dryness.webp,Item-Other,true,true,,,,,,,false,false,,2026-05-20 11:48:19.29097-05,2026-05-20 11:48:19.29097-05
308,93074651-53ce-4b23-8031-2d6bd0d279da,DMMaster,Dust of Sneezing and Choking,"Found in a small container, this powder resembles very fine sand. It appears to be dust of disappearance, and an identify spell reveals it to be such. There is enough of it for one use.",other,1,500,1,,0,0,,,,0,Arcane,#8800cc,850,item-308-dust-of-sneezing-and-choking.webp,https://tdodj-user-content-dev.s3.amazonaws.com/users/93074651-53ce-4b23-8031-2d6bd0d279da/images/item-308-dust-of-sneezing-and-choking.webp,Item-Other,true,true,,,,,,,false,false,,2026-05-20 11:48:19.370894-05,2026-05-20 11:48:19.370894-05
309,93074651-53ce-4b23-8031-2d6bd0d279da,DMMaster,Dwarven Plate,"While wearing this armor, you gain a +2 bonus to AC. In addition, if an effect moves you against your will along the ground, you can use your reaction to reduce the distance you are moved by up to 10 feet.",armor,1,50000,1,,2,0,Body,AC,,0,Arcane,#8800cc,69,helmet,https://tdodj-user-content-dev.s3.amazonaws.com/users/93074651-53ce-4b23-8031-2d6bd0d279da/images/1777753269899-c0e84361-helmet.png,Item-Armor,true,true,,,,,,,false,false,,2026-05-20 11:48:19.45802-05,2026-05-21 17:41:48.649485-05
310,93074651-53ce-4b23-8031-2d6bd0d279da,DMMaster,Dwarven Thrower,"You gain a +3 bonus to attack and damage rolls made with this magic weapon. It has the thrown property with a normal range of 20 feet and a long range of 60 feet. When you hit with a ranged attack using this weapon, it deals an extra 1d8 damage or, if the target is a giant, 2d8 damage. Immediately after the attack, the weapon flies back to your hand.",weapon,1,50000,1,,0,6,,,,0,Arcane,#8800cc,29,Battle Axe,https://tdodj-user-content-dev.s3.amazonaws.com/users/93074651-53ce-4b23-8031-2d6bd0d279da/images/1776207507209-cbeb1e99-battle-axe1.jpg,Item-Weapon,true,true,,,,,,,false,false,,2026-05-20 11:48:19.538745-05,2026-05-21 17:41:48.650349-05
314,93074651-53ce-4b23-8031-2d6bd0d279da,DMMaster,Earth Elemental Gem,"This yellow diamond contains a mote of elemental energy. When you use an action to break the gem, an earth elemental is summoned as if you had cast the conjure elemental spell, and the gem's magic is lost.",other,1,500,1,,0,0,,,,0,Arcane,#8800cc,49,Blue Magic Stone,https://tdodj-user-content-dev.s3.amazonaws.com/users/93074651-53ce-4b23-8031-2d6bd0d279da/images/1776520054135-ee263bff-blue-magic-stone.jpg,Item-Gem,true,true,,,,,,,false,false,,2026-05-20 11:48:20.048331-05,2026-05-21 17:41:48.651899-05
329,93074651-53ce-4b23-8031-2d6bd0d279da,DMMaster,Ebony Fly Figurine of Wondrous Power,"A figurine of wondrous power is a statuette of a beast small enough to fit in a pocket. If you use an action to speak the command word and throw the figurine to a point on the ground within 60 feet of you, the figurine becomes a living creature. If the space where the creature would appear is occupied by other creatures or objects, or if there isn't enough space for the creature, the figurine doesn't become a creature.",other,1,5000,1,,0,0,,,,0,Arcane,#8800cc,863,item-329-ebony-fly-figurine-of-wondrous-power.webp,https://tdodj-user-content-dev.s3.amazonaws.com/users/93074651-53ce-4b23-8031-2d6bd0d279da/images/item-329-ebony-fly-figurine-of-wondrous-power.webp,Item-Other,true,true,,,,,,,false,false,,2026-05-20 11:48:21.900182-05,2026-05-20 11:48:21.900182-05
311,93074651-53ce-4b23-8031-2d6bd0d279da,DMMaster,Efficient Quiver,"Each of the quiver's three compartments connects to an extradimensional space that allows the quiver to hold numerous items while never weighing more than 2 pounds. The shortest compartment can hold up to sixty arrows, bolts, or similar objects. The midsize compartment holds up to eighteen javelins or similar objects. The longest compartment holds up to six long objects, such as bows, quarterstaffs, or spears.",other,1,500,1,,0,0,,,,0,Arcane,#8800cc,23,Long Bow,https://tdodj-user-content-dev.s3.amazonaws.com/users/93074651-53ce-4b23-8031-2d6bd0d279da/images/1776207099926-b1bfb215-longbow1.png,Item-Weapon,true,true,,,,,,,false,false,,2026-05-20 11:48:19.626356-05,2026-05-21 17:41:48.650939-05
312,93074651-53ce-4b23-8031-2d6bd0d279da,DMMaster,Efreeti Bottle,"This painted brass bottle weighs 1 pound. When you use an action to remove the stopper, a cloud of thick smoke flows out of the bottle. At the end of your turn, the smoke disappears with a flash of harmless fire, and an efreeti appears in an unoccupied space within 30 feet of you.",other,1,50000,1,,0,0,,,,0,Arcane,#8800cc,851,item-312-efreeti-bottle.webp,https://tdodj-user-content-dev.s3.amazonaws.com/users/93074651-53ce-4b23-8031-2d6bd0d279da/images/item-312-efreeti-bottle.webp,Item-Other,true,true,,,,,,,false,false,,2026-05-20 11:48:19.706676-05,2026-05-20 11:48:19.706676-05
317,93074651-53ce-4b23-8031-2d6bd0d279da,DMMaster,Elven Chain,You gain a +1 bonus to AC while you wear this armor. You are considered proficient with this armor even if you lack proficiency with medium armor.,armor,1,5000,1,,1,0,,AC,,0,Arcane,#8800cc,18,Shield,https://tdodj-user-content-dev.s3.amazonaws.com/users/93074651-53ce-4b23-8031-2d6bd0d279da/images/1775749744062-3957c9cd-shield-one.jpg,Item-Armor,true,true,,,,,,,false,false,,2026-05-20 11:48:20.591921-05,2026-05-21 17:41:48.65362-05
93,93074651-53ce-4b23-8031-2d6bd0d279da,DMMaster,Emblem,"A holy symbol is a representation of a god or pantheon. It might be an amulet depicting a symbol representing a deity, the same symbol carefully engraved or inlaid as an emblem on a shield, or a tiny box holding a fragment of a sacred relic.",other,1,5,0,,0,0,,,,0,Blood,#cc0000,734,item-93-emblem.webp,https://tdodj-user-content-dev.s3.amazonaws.com/users/93074651-53ce-4b23-8031-2d6bd0d279da/images/item-93-emblem.webp,Item-Other,true,true,,,,,,,false,false,,2026-05-20 11:04:20.908969-05,2026-05-20 11:04:20.908969-05
12,93074651-53ce-4b23-8031-2d6bd0d279da,DMMaster,Enchanted Short Sword,A glowing blade forged with arcane power.,weapon,1,25,3,,0,6,,,,0,Blood,#cc0000,31,Enchanted Sword,https://tdodj-user-content-dev.s3.amazonaws.com/users/93074651-53ce-4b23-8031-2d6bd0d279da/images/1776207665203-92651828-enchanted-short-sword.jpg,Item-Weapon,true,true,,,,,,,true,false,,2026-04-26 16:03:07.994877-05,2026-04-26 16:03:07.994877-05
94,93074651-53ce-4b23-8031-2d6bd0d279da,DMMaster,Entertainer's Pack,Adventuring Gear.,other,1,40,0,,0,0,,,,0,Blood,#cc0000,735,item-94-entertainer-s-pack.webp,https://tdodj-user-content-dev.s3.amazonaws.com/users/93074651-53ce-4b23-8031-2d6bd0d279da/images/item-94-entertainer-s-pack.webp,Item-Other,true,true,,,,,,,false,false,,2026-05-20 11:04:20.99826-05,2026-05-20 11:04:20.99826-05
318,93074651-53ce-4b23-8031-2d6bd0d279da,DMMaster,Eversmoking Bottle,"Smoke leaks from the lead-stoppered mouth of this brass bottle, which weighs 1 pound. When you use an action to remove the stopper, a cloud of thick smoke pours out in a 60-foot radius from the bottle. The cloud's area is heavily obscured. Each minute the bottle remains open and within the cloud, the radius increases by 10 feet until it reaches its maximum radius of 120 feet.",other,1,500,1,,0,0,,,,0,Arcane,#8800cc,852,item-318-eversmoking-bottle.webp,https://tdodj-user-content-dev.s3.amazonaws.com/users/93074651-53ce-4b23-8031-2d6bd0d279da/images/item-318-eversmoking-bottle.webp,Item-Other,true,true,,,,,,,false,false,,2026-05-20 11:48:20.680991-05,2026-05-20 11:48:20.680991-05
95,93074651-53ce-4b23-8031-2d6bd0d279da,DMMaster,Explorer's Pack,Adventuring Gear.,other,1,10,0,,0,0,,,,0,Blood,#cc0000,736,item-95-explorer-s-pack.webp,https://tdodj-user-content-dev.s3.amazonaws.com/users/93074651-53ce-4b23-8031-2d6bd0d279da/images/item-95-explorer-s-pack.webp,Item-Other,true,true,,,,,,,false,false,,2026-05-20 11:04:21.078758-05,2026-05-20 11:04:21.078758-05
319,93074651-53ce-4b23-8031-2d6bd0d279da,DMMaster,Eyes of Charming,"These crystal lenses fit over the eyes. They have 3 charges. While wearing them, you can expend 1 charge as an action to cast the charm person spell (save DC 13) on a humanoid within 30 feet of you, provided that you and the target can see each other. The lenses regain all expended charges daily at dawn.",other,1,500,1,,0,0,,,,0,Arcane,#8800cc,853,item-319-eyes-of-charming.webp,https://tdodj-user-content-dev.s3.amazonaws.com/users/93074651-53ce-4b23-8031-2d6bd0d279da/images/item-319-eyes-of-charming.webp,Item-Other,true,true,,,,,,,false,false,,2026-05-20 11:48:20.759021-05,2026-05-20 11:48:20.759021-05
320,93074651-53ce-4b23-8031-2d6bd0d279da,DMMaster,Eyes of Minute Seeing,"These crystal lenses fit over the eyes. While wearing them, you can see much better than normal out to a range of 1 foot. You have advantage on Intelligence (Investigation) checks that rely on sight while searching an area or studying an object within that range.",other,1,500,1,,0,0,,,,0,Arcane,#8800cc,854,item-320-eyes-of-minute-seeing.webp,https://tdodj-user-content-dev.s3.amazonaws.com/users/93074651-53ce-4b23-8031-2d6bd0d279da/images/item-320-eyes-of-minute-seeing.webp,Item-Other,true,true,,,,,,,false,false,,2026-05-20 11:48:20.835436-05,2026-05-20 11:48:20.835436-05
321,93074651-53ce-4b23-8031-2d6bd0d279da,DMMaster,Eyes of the Eagle,"These crystal lenses fit over the eyes. While wearing them, you have advantage on Wisdom (Perception) checks that rely on sight. In conditions of clear visibility, you can make out details of even extremely distant creatures and objects as small as 2 feet across.",other,1,500,1,,0,0,,,,0,Arcane,#8800cc,855,item-321-eyes-of-the-eagle.webp,https://tdodj-user-content-dev.s3.amazonaws.com/users/93074651-53ce-4b23-8031-2d6bd0d279da/images/item-321-eyes-of-the-eagle.webp,Item-Other,true,true,,,,,,,false,false,,2026-05-20 11:48:20.943383-05,2026-05-20 11:48:20.943383-05
324,93074651-53ce-4b23-8031-2d6bd0d279da,DMMaster,Fan Feather Token,This tiny object looks like a feather.,other,1,5000,1,,0,0,,,,0,Arcane,#8800cc,858,item-324-fan-feather-token.webp,https://tdodj-user-content-dev.s3.amazonaws.com/users/93074651-53ce-4b23-8031-2d6bd0d279da/images/item-324-fan-feather-token.webp,Item-Other,true,true,,,,,,,false,false,,2026-05-20 11:48:21.347939-05,2026-05-20 11:48:21.347939-05
315,93074651-53ce-4b23-8031-2d6bd0d279da,DMMaster,Fire Elemental Gem,"This red corundum contains a mote of elemental energy. When you use an action to break the gem, a fire elemental is summoned as if you had cast the conjure elemental spell, and the gem's magic is lost.",other,1,500,1,,0,0,,,,0,Arcane,#8800cc,49,Blue Magic Stone,https://tdodj-user-content-dev.s3.amazonaws.com/users/93074651-53ce-4b23-8031-2d6bd0d279da/images/1776520054135-ee263bff-blue-magic-stone.jpg,Item-Gem,true,true,,,,,,,false,false,,2026-05-20 11:48:20.126685-05,2026-05-21 17:41:48.652387-05
96,93074651-53ce-4b23-8031-2d6bd0d279da,DMMaster,Fishing tackle,"This kit includes a wooden rod, silken line, corkwood bobbers, steel hooks, lead sinkers, velvet lures, and narrow netting.",other,1,1,4,,0,0,,,,0,Blood,#cc0000,737,item-96-fishing-tackle.webp,https://tdodj-user-content-dev.s3.amazonaws.com/users/93074651-53ce-4b23-8031-2d6bd0d279da/images/item-96-fishing-tackle.webp,Item-Other,true,true,,,,,,,false,false,,2026-05-20 11:04:21.19492-05,2026-05-20 11:04:21.19492-05
97,93074651-53ce-4b23-8031-2d6bd0d279da,DMMaster,Flail,Martial Melee. Deals 1d8 Bludgeoning damage.,weapon,1,10,2,,0,8,,,,0,Blood,#cc0000,35,Mace,https://tdodj-user-content-dev.s3.amazonaws.com/users/93074651-53ce-4b23-8031-2d6bd0d279da/images/1776207993266-cc86220f-mace.png,Item-Weapon,true,true,,,,,,,false,false,,2026-05-20 11:04:21.278044-05,2026-05-21 17:41:48.599903-05
337,93074651-53ce-4b23-8031-2d6bd0d279da,DMMaster,Flame Tongue,"You can use a bonus action to speak this magic sword's command word, causing flames to erupt from the blade. These flames shed bright light in a 40-foot radius and dim light for an additional 40 feet. While the sword is ablaze, it deals an extra 2d6 fire damage to any target it hits. The flames last until you use a bonus action to speak the command word again or until you drop or sheathe the sword.",weapon,1,5000,1,,0,4,,,,0,Arcane,#8800cc,31,Enchanted Sword,https://tdodj-user-content-dev.s3.amazonaws.com/users/93074651-53ce-4b23-8031-2d6bd0d279da/images/1776207665203-92651828-enchanted-short-sword.jpg,Item-Weapon,true,true,,,,,,,false,false,,2026-05-20 11:48:22.982787-05,2026-05-21 17:41:48.654202-05
98,93074651-53ce-4b23-8031-2d6bd0d279da,DMMaster,Flask or tankard,Adventuring Gear.,other,1,1,1,,0,0,,,,0,Blood,#cc0000,42,Potion Red,https://tdodj-user-content-dev.s3.amazonaws.com/users/93074651-53ce-4b23-8031-2d6bd0d279da/images/1776211773561-2c014a6f-potions2.jpg,Potion,true,true,,,,,,,false,false,,2026-05-20 11:04:21.357127-05,2026-05-21 17:41:48.600792-05
99,93074651-53ce-4b23-8031-2d6bd0d279da,DMMaster,Flute,"Several of the most common types of musical instruments are shown on the table as examples. If you have proficiency with a given musical instrument, you can add your proficiency bonus to any ability checks you make to play music with the instrument. A bard can use a musical instrument as a spellcasting focus. Each type of musical instrument requires a separate proficiency.",other,1,2,1,,0,0,,,,0,Blood,#cc0000,738,item-99-flute.webp,https://tdodj-user-content-dev.s3.amazonaws.com/users/93074651-53ce-4b23-8031-2d6bd0d279da/images/item-99-flute.webp,Item-Other,true,true,,,,,,,false,false,,2026-05-20 11:04:21.4484-05,2026-05-20 11:04:21.4484-05
338,93074651-53ce-4b23-8031-2d6bd0d279da,DMMaster,Folding Boat,"This object appears as a wooden box that measures 12 inches long, 6 inches wide, and 6 inches deep. It weighs 4 pounds and floats. It can be opened to store items inside. This item also has three command words, each requiring you to use an action to speak it.",other,1,5000,1,,0,0,,,,0,Arcane,#8800cc,871,item-338-folding-boat.webp,https://tdodj-user-content-dev.s3.amazonaws.com/users/93074651-53ce-4b23-8031-2d6bd0d279da/images/item-338-folding-boat.webp,Item-Other,true,true,,,,,,,false,false,,2026-05-20 11:48:23.062559-05,2026-05-20 11:48:23.062559-05
100,93074651-53ce-4b23-8031-2d6bd0d279da,DMMaster,Forgery Kit,"This small box contains a variety of papers and parchments, pens and inks, seals and sealing wax, gold and silver leaf, and other supplies necessary to create convincing forgeries of physical documents. Proficiency with this kit lets you add your proficiency bonus to any ability checks you make to create a physical forgery of a document.",other,1,15,5,,0,0,,,,0,Blood,#cc0000,739,item-100-forgery-kit.webp,https://tdodj-user-content-dev.s3.amazonaws.com/users/93074651-53ce-4b23-8031-2d6bd0d279da/images/item-100-forgery-kit.webp,Item-Other,true,true,,,,,,,false,false,,2026-05-20 11:04:21.532658-05,2026-05-20 11:04:21.532658-05
339,93074651-53ce-4b23-8031-2d6bd0d279da,DMMaster,Frost Brand,"When you hit with an attack using this magic sword, the target takes an extra 1d6 cold damage. In addition, while you hold the sword, you have resistance to fire damage.",weapon,1,50000,1,,0,6,,,,0,Arcane,#8800cc,31,Enchanted Sword,https://tdodj-user-content-dev.s3.amazonaws.com/users/93074651-53ce-4b23-8031-2d6bd0d279da/images/1776207665203-92651828-enchanted-short-sword.jpg,Item-Weapon,true,true,,,,,,,false,false,,2026-05-20 11:48:23.143432-05,2026-05-21 17:41:48.6549-05
340,93074651-53ce-4b23-8031-2d6bd0d279da,DMMaster,Gauntlets of Ogre Power,Your Strength score is 19 while you wear these gauntlets. They have no effect on you if your Strength is already 19 or higher.,other,1,500,1,,0,0,Hands,,,0,Arcane,#8800cc,872,item-340-gauntlets-of-ogre-power.webp,https://tdodj-user-content-dev.s3.amazonaws.com/users/93074651-53ce-4b23-8031-2d6bd0d279da/images/item-340-gauntlets-of-ogre-power.webp,Item-Other,true,true,,,,,,,false,false,,2026-05-20 11:48:23.258852-05,2026-05-20 11:48:23.258852-05
341,93074651-53ce-4b23-8031-2d6bd0d279da,DMMaster,Gem of Brightness,"This prism has 50 charges. While you are holding it, you can use an action to speak one of three command words to cause one of the following effects:",other,1,500,1,,0,0,,,,0,Arcane,#8800cc,72,Blue gem stonr,https://tdodj-user-content-dev.s3.amazonaws.com/users/93074651-53ce-4b23-8031-2d6bd0d279da/images/1778123738823-bb5e0c69-blue-gem-stonr.png,Item-Gem,true,true,,,,,,,false,false,,2026-05-20 11:48:23.365092-05,2026-05-21 17:41:48.655486-05
342,93074651-53ce-4b23-8031-2d6bd0d279da,DMMaster,Gem of Seeing,"This gem has 3 charges. As an action, you can speak the gem's command word and expend 1 charge. For the next 10 minutes, you have truesight out to 120 feet when you peer through the gem.",other,1,5000,1,,0,0,,,,0,Arcane,#8800cc,72,Blue gem stonr,https://tdodj-user-content-dev.s3.amazonaws.com/users/93074651-53ce-4b23-8031-2d6bd0d279da/images/1778123738823-bb5e0c69-blue-gem-stonr.png,Item-Gem,true,true,,,,,,,false,false,,2026-05-20 11:48:23.446698-05,2026-05-21 17:41:48.656244-05
343,93074651-53ce-4b23-8031-2d6bd0d279da,DMMaster,Giant Slayer,You gain a +1 bonus to attack and damage rolls made with this magic weapon.,weapon,1,5000,1,,0,4,,,,0,Arcane,#8800cc,24,Short Bow,https://tdodj-user-content-dev.s3.amazonaws.com/users/93074651-53ce-4b23-8031-2d6bd0d279da/images/1776207119573-bfb9a32d-shortbow.png,Item-Weapon,true,true,,,,,,,false,false,,2026-05-20 11:48:23.530859-05,2026-05-21 17:41:48.656745-05
101,93074651-53ce-4b23-8031-2d6bd0d279da,DMMaster,Glaive,Martial Melee. Deals 1d10 Slashing damage.,weapon,1,20,6,,0,10,,,,0,Blood,#cc0000,26,Halberd,https://tdodj-user-content-dev.s3.amazonaws.com/users/93074651-53ce-4b23-8031-2d6bd0d279da/images/1776207243225-8859b1b7-halberd3.png,Item-Weapon,true,true,,,,,,,false,true,,2026-05-20 11:04:21.694005-05,2026-05-21 17:41:48.601292-05
344,93074651-53ce-4b23-8031-2d6bd0d279da,DMMaster,Glamoured Studded Leather Armor,"While wearing this armor, you gain a +1 bonus to AC. You can also use a bonus action to speak the armor's command word and cause the armor to assume the appearance of a normal set of clothing or some other kind of armor. You decide what it looks like, including color, style, and accessories, but the armor retains its normal bulk and weight. The illusory appearance lasts until you use this property again or remove the armor.",armor,1,5000,1,,1,0,Body,AC,,0,Arcane,#8800cc,37,Leather Armor,https://tdodj-user-content-dev.s3.amazonaws.com/users/93074651-53ce-4b23-8031-2d6bd0d279da/images/1776738578503-c579e826-leatherbrestplate.jpg,Item-Armor,true,true,,,,,,,false,false,,2026-05-20 11:48:23.616143-05,2026-05-21 17:41:48.657253-05
102,93074651-53ce-4b23-8031-2d6bd0d279da,DMMaster,Glassblower's Tools,"These special tools include the items needed to pursue a craft or trade. The table shows examples of the most common types of tools, each providing items related to a single craft. Proficiency with a set of artisan's tools lets you add your proficiency bonus to any ability checks you make using the tools in your craft. Each type of artisan's tools requires a separate proficiency.",other,1,30,5,,0,0,,,,0,Blood,#cc0000,740,item-102-glassblower-s-tools.webp,https://tdodj-user-content-dev.s3.amazonaws.com/users/93074651-53ce-4b23-8031-2d6bd0d279da/images/item-102-glassblower-s-tools.webp,Item-Other,true,true,,,,,,,false,false,,2026-05-20 11:04:21.788869-05,2026-05-20 11:04:21.788869-05
345,93074651-53ce-4b23-8031-2d6bd0d279da,DMMaster,Gloves of Missile Snaring,"These gloves seem to almost meld into your hands when you don them. When a ranged weapon attack hits you while you're wearing them, you can use your reaction to reduce the damage by 1d10 + your Dexterity modifier, provided that you have a free hand. If you reduce the damage to 0, you can catch the missile if it is small enough for you to hold in that hand.",other,1,500,1,,0,0,Hands,,,0,Arcane,#8800cc,873,item-345-gloves-of-missile-snaring.webp,https://tdodj-user-content-dev.s3.amazonaws.com/users/93074651-53ce-4b23-8031-2d6bd0d279da/images/item-345-gloves-of-missile-snaring.webp,Item-Other,true,true,,,,,,,false,false,,2026-05-20 11:48:23.699728-05,2026-05-20 11:48:23.699728-05
346,93074651-53ce-4b23-8031-2d6bd0d279da,DMMaster,Gloves of Swimming and Climbing,"While wearing these gloves, climbing and swimming don't cost you extra movement, and you gain a +5 bonus to Strength (Athletics) checks made to climb or swim.",other,1,500,1,,0,0,Hands,,,0,Arcane,#8800cc,874,item-346-gloves-of-swimming-and-climbing.webp,https://tdodj-user-content-dev.s3.amazonaws.com/users/93074651-53ce-4b23-8031-2d6bd0d279da/images/item-346-gloves-of-swimming-and-climbing.webp,Item-Other,true,true,,,,,,,false,false,,2026-05-20 11:48:23.780353-05,2026-05-20 11:48:23.780353-05
347,93074651-53ce-4b23-8031-2d6bd0d279da,DMMaster,Goggles of Night,"While wearing these dark lenses, you have darkvision out to a range of 60 feet. If you already have darkvision, wearing the goggles increases its range by 60 feet.",other,1,500,1,,0,0,,,,0,Arcane,#8800cc,875,item-347-goggles-of-night.webp,https://tdodj-user-content-dev.s3.amazonaws.com/users/93074651-53ce-4b23-8031-2d6bd0d279da/images/item-347-goggles-of-night.webp,Item-Other,true,true,,,,,,,false,false,,2026-05-20 11:48:23.860146-05,2026-05-20 11:48:23.860146-05
300,93074651-53ce-4b23-8031-2d6bd0d279da,DMMaster,Gold Dragon Scale Mail,"Dragon scale mail is made of the scales of a gold dragon. Sometimes dragons collect their cast-off scales and gift them to humanoids. Other times, hunters carefully skin and preserve the hide of a dead dragon. In either case, dragon scale mail is highly valued.",armor,1,50000,1,,1,0,Body,AC,,0,Arcane,#8800cc,37,Leather Armor,https://tdodj-user-content-dev.s3.amazonaws.com/users/93074651-53ce-4b23-8031-2d6bd0d279da/images/1776738578503-c579e826-leatherbrestplate.jpg,Item-Armor,true,true,,,,,,,false,false,,2026-05-20 11:48:18.671863-05,2026-05-21 17:41:48.646582-05
330,93074651-53ce-4b23-8031-2d6bd0d279da,DMMaster,Golden Lions Figurine of Wondrous Power,"A figurine of wondrous power is a statuette of a beast small enough to fit in a pocket. If you use an action to speak the command word and throw the figurine to a point on the ground within 60 feet of you, the figurine becomes a living creature. If the space where the creature would appear is occupied by other creatures or objects, or if there isn't enough space for the creature, the figurine doesn't become a creature.",other,1,5000,1,,0,0,,,,0,Arcane,#8800cc,864,item-330-golden-lions-figurine-of-wondrous-power.webp,https://tdodj-user-content-dev.s3.amazonaws.com/users/93074651-53ce-4b23-8031-2d6bd0d279da/images/item-330-golden-lions-figurine-of-wondrous-power.webp,Item-Other,true,true,,,,,,,false,false,,2026-05-20 11:48:21.990638-05,2026-05-20 11:48:21.990638-05
103,93074651-53ce-4b23-8031-2d6bd0d279da,DMMaster,Grappling hook,Adventuring Gear.,other,1,2,4,,0,0,,,,0,Blood,#cc0000,741,item-103-grappling-hook.webp,https://tdodj-user-content-dev.s3.amazonaws.com/users/93074651-53ce-4b23-8031-2d6bd0d279da/images/item-103-grappling-hook.webp,Item-Other,true,true,,,,,,,false,false,,2026-05-20 11:04:21.88509-05,2026-05-20 11:04:21.88509-05
244,93074651-53ce-4b23-8031-2d6bd0d279da,DMMaster,Gray Bag of Tricks,"This ordinary bag, made from gray cloth, appears empty. Reaching inside the bag, however, reveals the presence of a small, fuzzy object. The bag weighs 1/2 pound.",other,1,500,1,,0,0,,,,0,Arcane,#8800cc,810,item-244-gray-bag-of-tricks.webp,https://tdodj-user-content-dev.s3.amazonaws.com/users/93074651-53ce-4b23-8031-2d6bd0d279da/images/item-244-gray-bag-of-tricks.webp,Item-Other,true,true,,,,,,,false,false,,2026-05-20 11:48:11.927805-05,2026-05-20 11:48:11.927805-05
9,93074651-53ce-4b23-8031-2d6bd0d279da,DMMaster,Great Sword,A two-handed broadsword of immense cutting power.,weapon,1,22,10,,0,4,,,,0,Blood,#cc0000,28,Great Sword,https://tdodj-user-content-dev.s3.amazonaws.com/users/93074651-53ce-4b23-8031-2d6bd0d279da/images/1776207466357-4ae7a514-great-sword.png,Item-Weapon,true,true,,,,,,,true,true,,2026-04-26 16:03:07.994877-05,2026-04-26 16:03:07.994877-05
104,93074651-53ce-4b23-8031-2d6bd0d279da,DMMaster,Greataxe,Martial Melee. Deals 1d12 Slashing damage.,weapon,1,30,7,,0,12,,,,0,Blood,#cc0000,29,Battle Axe,https://tdodj-user-content-dev.s3.amazonaws.com/users/93074651-53ce-4b23-8031-2d6bd0d279da/images/1776207507209-cbeb1e99-battle-axe1.jpg,Item-Weapon,true,true,,,,,,,false,true,,2026-05-20 11:04:21.978163-05,2026-05-21 17:41:48.602175-05
105,93074651-53ce-4b23-8031-2d6bd0d279da,DMMaster,Greatclub,Simple Melee. Deals 1d8 Bludgeoning damage.,weapon,1,1,10,,0,8,,,,0,Blood,#cc0000,27,War Hammer,https://tdodj-user-content-dev.s3.amazonaws.com/users/93074651-53ce-4b23-8031-2d6bd0d279da/images/1776207278855-e30b1fcc-war-hammer3.jpg,Item-Weapon,true,true,,,,,,,false,true,,2026-05-20 11:04:22.067672-05,2026-05-21 17:41:48.602668-05
106,93074651-53ce-4b23-8031-2d6bd0d279da,DMMaster,Greatsword,Martial Melee. Deals 2d6 Slashing damage.,weapon,1,50,6,,0,12,,,,0,Blood,#cc0000,28,Great Sword,https://tdodj-user-content-dev.s3.amazonaws.com/users/93074651-53ce-4b23-8031-2d6bd0d279da/images/1776207466357-4ae7a514-great-sword.png,Item-Weapon,true,true,,,,,,,false,true,,2026-05-20 11:04:22.147452-05,2026-05-21 17:41:48.6039-05
301,93074651-53ce-4b23-8031-2d6bd0d279da,DMMaster,Green Dragon Scale Mail,"Dragon scale mail is made of the scales of a green dragon. Sometimes dragons collect their cast-off scales and gift them to humanoids. Other times, hunters carefully skin and preserve the hide of a dead dragon. In either case, dragon scale mail is highly valued.",armor,1,50000,1,,1,0,Body,AC,,0,Arcane,#8800cc,37,Leather Armor,https://tdodj-user-content-dev.s3.amazonaws.com/users/93074651-53ce-4b23-8031-2d6bd0d279da/images/1776738578503-c579e826-leatherbrestplate.jpg,Item-Armor,true,true,,,,,,,false,false,,2026-05-20 11:48:18.803864-05,2026-05-21 17:41:48.646945-05
8,93074651-53ce-4b23-8031-2d6bd0d279da,DMMaster,Halberd,A polearm combining axe blade and spear point. Two-handed.,weapon,1,20,8,,0,4,,,,0,Blood,#cc0000,26,Halberd,https://tdodj-user-content-dev.s3.amazonaws.com/users/93074651-53ce-4b23-8031-2d6bd0d279da/images/1776207243225-8859b1b7-halberd3.png,Item-Weapon,true,true,,,,,,,true,true,,2026-04-26 16:03:07.994877-05,2026-04-26 16:03:07.994877-05
107,93074651-53ce-4b23-8031-2d6bd0d279da,DMMaster,Half Plate Armor,Medium armor. AC 15. Imposes disadvantage on Stealth checks.,armor,1,750,40,,15,0,Body,AC,,0,Blood,#cc0000,37,Leather Armor,https://tdodj-user-content-dev.s3.amazonaws.com/users/93074651-53ce-4b23-8031-2d6bd0d279da/images/1776738578503-c579e826-leatherbrestplate.jpg,Item-Armor,true,true,,,,,,,false,false,,2026-05-20 11:04:22.35882-05,2026-05-21 17:41:48.604578-05
108,93074651-53ce-4b23-8031-2d6bd0d279da,DMMaster,Hammer,Adventuring Gear.,other,1,1,3,,0,0,,,,0,Blood,#cc0000,35,Mace,https://tdodj-user-content-dev.s3.amazonaws.com/users/93074651-53ce-4b23-8031-2d6bd0d279da/images/1776207993266-cc86220f-mace.png,Item-Weapon,true,true,,,,,,,false,false,,2026-05-20 11:04:22.772621-05,2026-05-21 17:41:48.605246-05
348,93074651-53ce-4b23-8031-2d6bd0d279da,DMMaster,Hammer of Thunderbolts,You gain a +1 bonus to attack and damage rolls made with this magic weapon.,weapon,1,100000,1,,0,4,,,,0,Arcane,#8800cc,24,Short Bow,https://tdodj-user-content-dev.s3.amazonaws.com/users/93074651-53ce-4b23-8031-2d6bd0d279da/images/1776207119573-bfb9a32d-shortbow.png,Item-Weapon,true,true,,,,,,,false,false,,2026-05-20 11:48:23.94396-05,2026-05-21 17:41:48.657744-05
109,93074651-53ce-4b23-8031-2d6bd0d279da,DMMaster,"Hammer, sledge",Adventuring Gear.,other,1,2,10,,0,0,,,,0,Blood,#cc0000,27,War Hammer,https://tdodj-user-content-dev.s3.amazonaws.com/users/93074651-53ce-4b23-8031-2d6bd0d279da/images/1776207278855-e30b1fcc-war-hammer3.jpg,Item-Weapon,true,true,,,,,,,false,false,,2026-05-20 11:04:22.876315-05,2026-05-21 17:41:48.606068-05
110,93074651-53ce-4b23-8031-2d6bd0d279da,DMMaster,Handaxe,Simple Melee. Deals 1d6 Slashing damage.,weapon,1,5,2,,0,6,,,,0,Blood,#cc0000,29,Battle Axe,https://tdodj-user-content-dev.s3.amazonaws.com/users/93074651-53ce-4b23-8031-2d6bd0d279da/images/1776207507209-cbeb1e99-battle-axe1.jpg,Item-Weapon,true,true,,,,,,,false,false,,2026-05-20 11:04:22.975958-05,2026-05-21 17:41:48.606696-05
349,93074651-53ce-4b23-8031-2d6bd0d279da,DMMaster,Handy Haversack,"This backpack has a central pouch and two side pouches, each of which is an extradimensional space. Each side pouch can hold up to 20 pounds of material, not exceeding a volume of 2 cubic feet. The large central pouch can hold up to 8 cubic feet or 80 pounds of material. The backpack always weighs 5 pounds, regardless of its contents.",other,1,5000,1,,0,0,,,,0,Arcane,#8800cc,876,item-349-handy-haversack.webp,https://tdodj-user-content-dev.s3.amazonaws.com/users/93074651-53ce-4b23-8031-2d6bd0d279da/images/item-349-handy-haversack.webp,Item-Other,true,true,,,,,,,false,false,,2026-05-20 11:48:24.033521-05,2026-05-20 11:48:24.033521-05
350,93074651-53ce-4b23-8031-2d6bd0d279da,DMMaster,Hat of Disguise,"While wearing this hat, you can use an action to cast the disguise self spell from it at will. The spell ends if the hat is removed.",other,1,500,1,,0,0,Head,,,0,Arcane,#8800cc,877,item-350-hat-of-disguise.webp,https://tdodj-user-content-dev.s3.amazonaws.com/users/93074651-53ce-4b23-8031-2d6bd0d279da/images/item-350-hat-of-disguise.webp,Item-Other,true,true,,,,,,,false,false,,2026-05-20 11:48:24.14291-05,2026-05-20 11:48:24.14291-05
351,93074651-53ce-4b23-8031-2d6bd0d279da,DMMaster,Headband of Intellect,Your Intelligence score is 19 while you wear this headband. It has no effect on you if your Intelligence is already 19 or higher.,other,1,500,1,,0,0,Head,,,0,Arcane,#8800cc,69,helmet,https://tdodj-user-content-dev.s3.amazonaws.com/users/93074651-53ce-4b23-8031-2d6bd0d279da/images/1777753269899-c0e84361-helmet.png,Item-Armor,true,true,,,,,,,false,false,,2026-05-20 11:48:24.316758-05,2026-05-21 17:41:48.658203-05
111,93074651-53ce-4b23-8031-2d6bd0d279da,DMMaster,Healer's Kit,"This kit is a leather pouch containing bandages, salves, and splints. The kit has ten uses. As an action, you can expend one use of the kit to stabilize a creature that has 0 hit points, without needing to make a Wisdom (Medicine) check.",other,1,5,3,,0,0,,,,0,Blood,#cc0000,742,item-111-healer-s-kit.webp,https://tdodj-user-content-dev.s3.amazonaws.com/users/93074651-53ce-4b23-8031-2d6bd0d279da/images/item-111-healer-s-kit.webp,Item-Other,true,true,,,,,,,false,false,,2026-05-20 11:04:23.057327-05,2026-05-20 11:04:23.057327-05
352,93074651-53ce-4b23-8031-2d6bd0d279da,DMMaster,Helm of Brilliance,"This dazzling helm is set with 1d10 diamonds, 2d10 rubies, 3d10 fire opals, and 4d10 opals. Any gem pried from the helm crumbles to dust. When all the gems are removed or destroyed, the helm loses its magic.",other,1,50000,1,,0,0,Head,,,0,Arcane,#8800cc,878,item-352-helm-of-brilliance.webp,https://tdodj-user-content-dev.s3.amazonaws.com/users/93074651-53ce-4b23-8031-2d6bd0d279da/images/item-352-helm-of-brilliance.webp,Item-Other,true,true,,,,,,,false,false,,2026-05-20 11:48:24.49404-05,2026-05-20 11:48:24.49404-05
353,93074651-53ce-4b23-8031-2d6bd0d279da,DMMaster,Helm of Comprehending Languages,"While wearing this helm, you can use an action to cast the comprehend languages spell from it at will.",other,1,500,1,,0,0,Head,,,0,Arcane,#8800cc,879,item-353-helm-of-comprehending-languages.webp,https://tdodj-user-content-dev.s3.amazonaws.com/users/93074651-53ce-4b23-8031-2d6bd0d279da/images/item-353-helm-of-comprehending-languages.webp,Item-Other,true,true,,,,,,,false,false,,2026-05-20 11:48:24.635942-05,2026-05-20 11:48:24.635942-05
354,93074651-53ce-4b23-8031-2d6bd0d279da,DMMaster,Helm of Telepathy,"While wearing this helm, you can use an action to cast the detect thoughts spell (save DC 13) from it. As long as you maintain concentration on the spell, you can use a bonus action to send a telepathic message to a creature you are focused on. It can reply-using a bonus action to do so-while your focus on it continues.",other,1,500,1,,0,0,Head,,,0,Arcane,#8800cc,880,item-354-helm-of-telepathy.webp,https://tdodj-user-content-dev.s3.amazonaws.com/users/93074651-53ce-4b23-8031-2d6bd0d279da/images/item-354-helm-of-telepathy.webp,Item-Other,true,true,,,,,,,false,false,,2026-05-20 11:48:25.052053-05,2026-05-20 11:48:25.052053-05
355,93074651-53ce-4b23-8031-2d6bd0d279da,DMMaster,Helm of Teleportation,"This helm has 3 charges. While wearing it, you can use an action and expend 1 charge to cast the teleport spell from it. The helm regains 1d3",other,1,5000,1,,0,0,Head,,,0,Arcane,#8800cc,881,item-355-helm-of-teleportation.webp,https://tdodj-user-content-dev.s3.amazonaws.com/users/93074651-53ce-4b23-8031-2d6bd0d279da/images/item-355-helm-of-teleportation.webp,Item-Other,true,true,,,,,,,false,false,,2026-05-20 11:48:25.134828-05,2026-05-20 11:48:25.134828-05
30,93074651-53ce-4b23-8031-2d6bd0d279da,DMMaster,Helment,a cheep helmet,armor,0,2,0,,2,10,head,,Stamina,2,Blood,#cc0000,69,helmet,https://tdodj-user-content-dev.s3.amazonaws.com/users/93074651-53ce-4b23-8031-2d6bd0d279da/images/1777753269899-c0e84361-helmet.png,Item-Armor,true,true,,,,,,,true,false,,2026-05-02 15:21:14.303079-05,2026-05-02 15:21:14.303079-05
112,93074651-53ce-4b23-8031-2d6bd0d279da,DMMaster,Herbalism Kit,"This kit contains a variety of instruments such as clippers, mortar and pestle, and pouches and vials used by herbalists to create remedies and potions. Proficiency with this kit lets you add your proficiency bonus to any ability checks you make to identify or apply herbs. Also, proficiency with this kit is required to create antitoxin and potions of healing.",other,1,5,3,,0,0,,,,0,Blood,#cc0000,743,item-112-herbalism-kit.webp,https://tdodj-user-content-dev.s3.amazonaws.com/users/93074651-53ce-4b23-8031-2d6bd0d279da/images/item-112-herbalism-kit.webp,Item-Other,true,true,,,,,,,false,false,,2026-05-20 11:04:23.141742-05,2026-05-20 11:04:23.141742-05
113,93074651-53ce-4b23-8031-2d6bd0d279da,DMMaster,Hide Armor,Medium armor. AC 12.,armor,1,10,12,,12,0,Body,AC,,0,Blood,#cc0000,37,Leather Armor,https://tdodj-user-content-dev.s3.amazonaws.com/users/93074651-53ce-4b23-8031-2d6bd0d279da/images/1776738578503-c579e826-leatherbrestplate.jpg,Item-Armor,true,true,,,,,,,false,false,,2026-05-20 11:04:23.307721-05,2026-05-21 17:41:48.607224-05
356,93074651-53ce-4b23-8031-2d6bd0d279da,DMMaster,Holy Avenger,"You gain a +3 bonus to attack and damage rolls made with this magic weapon. When you hit a fiend or an undead with it, that creature takes an extra 2d10 radiant damage.",weapon,1,100000,1,,0,6,,,,0,Arcane,#8800cc,33,Silver Dagger,https://tdodj-user-content-dev.s3.amazonaws.com/users/93074651-53ce-4b23-8031-2d6bd0d279da/images/1776207756925-69c63bf0-silver-dagger.png,Item-Weapon,true,true,,,,,,,false,false,,2026-05-20 11:48:25.213123-05,2026-05-21 17:41:48.658736-05
114,93074651-53ce-4b23-8031-2d6bd0d279da,DMMaster,Holy water (flask),"As an action, you can splash the contents of this flask onto a creature within 5 feet of you or throw it up to 20 feet, shattering it on impact. In either case, make a ranged attack against a target creature, treating the holy water as an improvised weapon.",other,1,25,1,,0,0,,,,0,Blood,#cc0000,41,Potion Green,https://tdodj-user-content-dev.s3.amazonaws.com/users/93074651-53ce-4b23-8031-2d6bd0d279da/images/1776211693488-6384b893-potions4.jpg,Potion,true,true,,,,,,,false,false,,2026-05-20 11:04:23.393388-05,2026-05-21 17:41:48.607789-05
115,93074651-53ce-4b23-8031-2d6bd0d279da,DMMaster,Horn,"Several of the most common types of musical instruments are shown on the table as examples. If you have proficiency with a given musical instrument, you can add your proficiency bonus to any ability checks you make to play music with the instrument. A bard can use a musical instrument as a spellcasting focus. Each type of musical instrument requires a separate proficiency.",other,1,3,2,,0,0,,,,0,Blood,#cc0000,744,item-115-horn.webp,https://tdodj-user-content-dev.s3.amazonaws.com/users/93074651-53ce-4b23-8031-2d6bd0d279da/images/item-115-horn.webp,Item-Other,true,true,,,,,,,false,false,,2026-05-20 11:04:23.487904-05,2026-05-20 11:04:23.487904-05
357,93074651-53ce-4b23-8031-2d6bd0d279da,DMMaster,Horn of Blasting,"You can use an action to speak the horn's command word and then blow the horn, which emits a thunderous blast in a 30-foot cone that is audible 600 feet away. Each creature in the cone must make a DC 15 Constitution saving throw. On a failed save, a creature takes 5d6 thunder damage and is deafened for 1 minute. On a successful save, a creature takes half as much damage and isn't deafened. Creatures and objects made of glass or crystal have disadvantage on the saving throw and take 10d6 thunder ",other,1,5000,1,,0,0,,,,0,Arcane,#8800cc,882,item-357-horn-of-blasting.webp,https://tdodj-user-content-dev.s3.amazonaws.com/users/93074651-53ce-4b23-8031-2d6bd0d279da/images/item-357-horn-of-blasting.webp,Item-Other,true,true,,,,,,,false,false,,2026-05-20 11:48:25.290817-05,2026-05-20 11:48:25.290817-05
362,93074651-53ce-4b23-8031-2d6bd0d279da,DMMaster,Horseshoes of a Zephyr,"These iron horseshoes come in a set of four. While all four shoes are affixed to the hooves of a horse or similar creature, they allow the creature to move normally while floating 4 inches above the ground. This effect means the creature can cross or stand above nonsolid or unstable surfaces, such as water or lava. The creature leaves no tracks and ignores difficult terrain. In addition, the creature can move at normal speed for up to 12 hours a day without suffering exhaustion from a forced mar",other,1,50000,1,,0,0,,,,0,Arcane,#8800cc,887,item-362-horseshoes-of-a-zephyr.webp,https://tdodj-user-content-dev.s3.amazonaws.com/users/93074651-53ce-4b23-8031-2d6bd0d279da/images/item-362-horseshoes-of-a-zephyr.webp,Item-Other,true,true,,,,,,,false,false,,2026-05-20 11:48:25.856899-05,2026-05-20 11:48:25.856899-05
363,93074651-53ce-4b23-8031-2d6bd0d279da,DMMaster,Horseshoes of Speed,"These iron horseshoes come in a set of four. While all four shoes are affixed to the hooves of a horse or similar creature, they increase the creature's walking speed by 30 feet.",other,1,5000,1,,0,0,,,,0,Arcane,#8800cc,888,item-363-horseshoes-of-speed.webp,https://tdodj-user-content-dev.s3.amazonaws.com/users/93074651-53ce-4b23-8031-2d6bd0d279da/images/item-363-horseshoes-of-speed.webp,Item-Other,true,true,,,,,,,false,false,,2026-05-20 11:48:25.955431-05,2026-05-20 11:48:25.955431-05
116,93074651-53ce-4b23-8031-2d6bd0d279da,DMMaster,Hourglass,Adventuring Gear.,other,1,25,1,,0,0,,,,0,Blood,#cc0000,745,item-116-hourglass.webp,https://tdodj-user-content-dev.s3.amazonaws.com/users/93074651-53ce-4b23-8031-2d6bd0d279da/images/item-116-hourglass.webp,Item-Other,true,true,,,,,,,false,false,,2026-05-20 11:04:23.8361-05,2026-05-20 11:04:23.8361-05
117,93074651-53ce-4b23-8031-2d6bd0d279da,DMMaster,Hunting trap,"When you use your action to set it, this trap forms a saw-toothed steel ring that snaps shut when a creature steps on a pressure plate in the center. The trap is affixed by a heavy chain to an immobile object, such as a tree or a spike driven into the ground.",other,1,5,25,,0,0,,,,0,Blood,#cc0000,746,item-117-hunting-trap.webp,https://tdodj-user-content-dev.s3.amazonaws.com/users/93074651-53ce-4b23-8031-2d6bd0d279da/images/item-117-hunting-trap.webp,Item-Other,true,true,,,,,,,false,false,,2026-05-20 11:04:23.963306-05,2026-05-20 11:04:23.963306-05
364,93074651-53ce-4b23-8031-2d6bd0d279da,DMMaster,Immovable Rod,"This flat iron rod has a button on one end. You can use an action to press the button, which causes the rod to become magically fixed in place. Until you or another creature uses an action to push the button again, the rod doesn't move, even if it is defying gravity. The rod can hold up to 8,000 pounds of weight. More weight causes the rod to deactivate and fall. A creature can use an action to make a DC 30 Strength check, moving the fixed rod up to 10 feet on a success.",other,6,500,1,,0,0,,,,0,Arcane,#8800cc,32,Magic Wand,https://tdodj-user-content-dev.s3.amazonaws.com/users/93074651-53ce-4b23-8031-2d6bd0d279da/images/1776207714496-2c85e02c-magic-wand.png,Item-Weapon,true,true,,,,,,,false,false,,2026-05-20 11:48:26.031423-05,2026-05-21 17:41:48.659293-05
118,93074651-53ce-4b23-8031-2d6bd0d279da,DMMaster,Ink (1 ounce bottle),Adventuring Gear.,other,1,10,0,,0,0,,,,0,Blood,#cc0000,747,item-118-ink-1-ounce-bottle.webp,https://tdodj-user-content-dev.s3.amazonaws.com/users/93074651-53ce-4b23-8031-2d6bd0d279da/images/item-118-ink-1-ounce-bottle.webp,Item-Other,true,true,,,,,,,false,false,,2026-05-20 11:04:24.093298-05,2026-05-20 11:04:24.093298-05
119,93074651-53ce-4b23-8031-2d6bd0d279da,DMMaster,Ink pen,Adventuring Gear.,other,1,1,0,,0,0,,,,0,Blood,#cc0000,748,item-119-ink-pen.webp,https://tdodj-user-content-dev.s3.amazonaws.com/users/93074651-53ce-4b23-8031-2d6bd0d279da/images/item-119-ink-pen.webp,Item-Other,true,true,,,,,,,false,false,,2026-05-20 11:04:24.218983-05,2026-05-20 11:04:24.218983-05
365,93074651-53ce-4b23-8031-2d6bd0d279da,DMMaster,Instant Fortress,"You can use an action to place this 1-inch metal cube on the ground and speak its command word. The cube rapidly grows into a fortress that remains until you use an action to speak the command word that dismisses it, which works only if the fortress is empty.",other,1,5000,1,,0,0,,,,0,Arcane,#8800cc,889,item-365-instant-fortress.webp,https://tdodj-user-content-dev.s3.amazonaws.com/users/93074651-53ce-4b23-8031-2d6bd0d279da/images/item-365-instant-fortress.webp,Item-Other,true,true,,,,,,,false,false,,2026-05-20 11:48:26.130198-05,2026-05-20 11:48:26.130198-05
366,93074651-53ce-4b23-8031-2d6bd0d279da,DMMaster,Ioun Stone of Absorption,"An Ioun stone is named after Ioun, a god of knowledge and prophecy revered on some worlds. Many types of Ioun stone exist, each type a distinct combination of shape and color.",other,1,50000,1,,0,0,,,,0,Arcane,#8800cc,72,Blue gem stonr,https://tdodj-user-content-dev.s3.amazonaws.com/users/93074651-53ce-4b23-8031-2d6bd0d279da/images/1778123738823-bb5e0c69-blue-gem-stonr.png,Item-Gem,true,true,,,,,,,false,false,,2026-05-20 11:48:26.345689-05,2026-05-21 17:41:48.659894-05
367,93074651-53ce-4b23-8031-2d6bd0d279da,DMMaster,Ioun Stone of Agility,"An Ioun stone is named after Ioun, a god of knowledge and prophecy revered on some worlds. Many types of Ioun stone exist, each type a distinct combination of shape and color.",other,1,50000,1,,0,0,,,,0,Arcane,#8800cc,72,Blue gem stonr,https://tdodj-user-content-dev.s3.amazonaws.com/users/93074651-53ce-4b23-8031-2d6bd0d279da/images/1778123738823-bb5e0c69-blue-gem-stonr.png,Item-Gem,true,true,,,,,,,false,false,,2026-05-20 11:48:26.431244-05,2026-05-21 17:41:48.66033-05
368,93074651-53ce-4b23-8031-2d6bd0d279da,DMMaster,Ioun Stone of Awareness,"An Ioun stone is named after Ioun, a god of knowledge and prophecy revered on some worlds. Many types of Ioun stone exist, each type a distinct combination of shape and color.",other,1,5000,1,,0,0,,,,0,Arcane,#8800cc,72,Blue gem stonr,https://tdodj-user-content-dev.s3.amazonaws.com/users/93074651-53ce-4b23-8031-2d6bd0d279da/images/1778123738823-bb5e0c69-blue-gem-stonr.png,Item-Gem,true,true,,,,,,,false,false,,2026-05-20 11:48:26.514526-05,2026-05-21 17:41:48.660698-05
369,93074651-53ce-4b23-8031-2d6bd0d279da,DMMaster,Ioun Stone of Fortitude,"An Ioun stone is named after Ioun, a god of knowledge and prophecy revered on some worlds. Many types of Ioun stone exist, each type a distinct combination of shape and color.",other,1,50000,1,,0,0,,,,0,Arcane,#8800cc,49,Blue Magic Stone,https://tdodj-user-content-dev.s3.amazonaws.com/users/93074651-53ce-4b23-8031-2d6bd0d279da/images/1776520054135-ee263bff-blue-magic-stone.jpg,Item-Gem,true,true,,,,,,,false,false,,2026-05-20 11:48:26.595055-05,2026-05-21 17:41:48.661031-05
370,93074651-53ce-4b23-8031-2d6bd0d279da,DMMaster,Ioun Stone of Greater Absorption,"An Ioun stone is named after Ioun, a god of knowledge and prophecy revered on some worlds. Many types of Ioun stone exist, each type a distinct combination of shape and color.",other,1,100000,1,,0,0,,,,0,Arcane,#8800cc,49,Blue Magic Stone,https://tdodj-user-content-dev.s3.amazonaws.com/users/93074651-53ce-4b23-8031-2d6bd0d279da/images/1776520054135-ee263bff-blue-magic-stone.jpg,Item-Gem,true,true,,,,,,,false,false,,2026-05-20 11:48:26.679407-05,2026-05-21 17:41:48.661525-05
371,93074651-53ce-4b23-8031-2d6bd0d279da,DMMaster,Ioun Stone of Insight,"An Ioun stone is named after Ioun, a god of knowledge and prophecy revered on some worlds. Many types of Ioun stone exist, each type a distinct combination of shape and color.",other,1,50000,1,,0,0,,,,0,Arcane,#8800cc,49,Blue Magic Stone,https://tdodj-user-content-dev.s3.amazonaws.com/users/93074651-53ce-4b23-8031-2d6bd0d279da/images/1776520054135-ee263bff-blue-magic-stone.jpg,Item-Gem,true,true,,,,,,,false,false,,2026-05-20 11:48:26.763983-05,2026-05-21 17:41:48.661985-05
372,93074651-53ce-4b23-8031-2d6bd0d279da,DMMaster,Ioun Stone of Intellect,"An Ioun stone is named after Ioun, a god of knowledge and prophecy revered on some worlds. Many types of Ioun stone exist, each type a distinct combination of shape and color.",other,1,50000,1,,0,0,,,,0,Arcane,#8800cc,49,Blue Magic Stone,https://tdodj-user-content-dev.s3.amazonaws.com/users/93074651-53ce-4b23-8031-2d6bd0d279da/images/1776520054135-ee263bff-blue-magic-stone.jpg,Item-Gem,true,true,,,,,,,false,false,,2026-05-20 11:48:27.174657-05,2026-05-21 17:41:48.662478-05
373,93074651-53ce-4b23-8031-2d6bd0d279da,DMMaster,Ioun Stone of Leadership,"An Ioun stone is named after Ioun, a god of knowledge and prophecy revered on some worlds. Many types of Ioun stone exist, each type a distinct combination of shape and color.",other,1,50000,1,,0,0,,,,0,Arcane,#8800cc,72,Blue gem stonr,https://tdodj-user-content-dev.s3.amazonaws.com/users/93074651-53ce-4b23-8031-2d6bd0d279da/images/1778123738823-bb5e0c69-blue-gem-stonr.png,Item-Gem,true,true,,,,,,,false,false,,2026-05-20 11:48:27.26316-05,2026-05-21 17:41:48.662988-05
374,93074651-53ce-4b23-8031-2d6bd0d279da,DMMaster,Ioun Stone of Mastery,"An Ioun stone is named after Ioun, a god of knowledge and prophecy revered on some worlds. Many types of Ioun stone exist, each type a distinct combination of shape and color.",other,1,100000,1,,0,0,,,,0,Arcane,#8800cc,49,Blue Magic Stone,https://tdodj-user-content-dev.s3.amazonaws.com/users/93074651-53ce-4b23-8031-2d6bd0d279da/images/1776520054135-ee263bff-blue-magic-stone.jpg,Item-Gem,true,true,,,,,,,false,false,,2026-05-20 11:48:27.34772-05,2026-05-21 17:41:48.663486-05
375,93074651-53ce-4b23-8031-2d6bd0d279da,DMMaster,Ioun Stone of Protection,"An Ioun stone is named after Ioun, a god of knowledge and prophecy revered on some worlds. Many types of Ioun stone exist, each type a distinct combination of shape and color.",other,1,5000,1,,1,0,,AC,,0,Arcane,#8800cc,49,Blue Magic Stone,https://tdodj-user-content-dev.s3.amazonaws.com/users/93074651-53ce-4b23-8031-2d6bd0d279da/images/1776520054135-ee263bff-blue-magic-stone.jpg,Item-Gem,true,true,,,,,,,false,false,,2026-05-20 11:48:27.428836-05,2026-05-21 17:41:48.663858-05
376,93074651-53ce-4b23-8031-2d6bd0d279da,DMMaster,Ioun Stone of Regeneration,"An Ioun stone is named after Ioun, a god of knowledge and prophecy revered on some worlds. Many types of Ioun stone exist, each type a distinct combination of shape and color.",other,1,100000,1,,0,0,,,,0,Arcane,#8800cc,72,Blue gem stonr,https://tdodj-user-content-dev.s3.amazonaws.com/users/93074651-53ce-4b23-8031-2d6bd0d279da/images/1778123738823-bb5e0c69-blue-gem-stonr.png,Item-Gem,true,true,,,,,,,false,false,,2026-05-20 11:48:27.508645-05,2026-05-21 17:41:48.664183-05
377,93074651-53ce-4b23-8031-2d6bd0d279da,DMMaster,Ioun Stone of Reserve,"An Ioun stone is named after Ioun, a god of knowledge and prophecy revered on some worlds. Many types of Ioun stone exist, each type a distinct combination of shape and color.",other,1,5000,1,,0,0,,,,0,Arcane,#8800cc,72,Blue gem stonr,https://tdodj-user-content-dev.s3.amazonaws.com/users/93074651-53ce-4b23-8031-2d6bd0d279da/images/1778123738823-bb5e0c69-blue-gem-stonr.png,Item-Gem,true,true,,,,,,,false,false,,2026-05-20 11:48:27.600756-05,2026-05-21 17:41:48.6646-05
378,93074651-53ce-4b23-8031-2d6bd0d279da,DMMaster,Ioun Stone of Strength,"An Ioun stone is named after Ioun, a god of knowledge and prophecy revered on some worlds. Many types of Ioun stone exist, each type a distinct combination of shape and color.",other,1,50000,1,,0,0,,,,0,Arcane,#8800cc,72,Blue gem stonr,https://tdodj-user-content-dev.s3.amazonaws.com/users/93074651-53ce-4b23-8031-2d6bd0d279da/images/1778123738823-bb5e0c69-blue-gem-stonr.png,Item-Gem,true,true,,,,,,,false,false,,2026-05-20 11:48:27.69088-05,2026-05-21 17:41:48.665189-05
379,93074651-53ce-4b23-8031-2d6bd0d279da,DMMaster,Ioun Stone of Sustenance,"An Ioun stone is named after Ioun, a god of knowledge and prophecy revered on some worlds. Many types of Ioun stone exist, each type a distinct combination of shape and color.",other,1,5000,1,,0,0,,,,0,Arcane,#8800cc,49,Blue Magic Stone,https://tdodj-user-content-dev.s3.amazonaws.com/users/93074651-53ce-4b23-8031-2d6bd0d279da/images/1776520054135-ee263bff-blue-magic-stone.jpg,Item-Gem,true,true,,,,,,,false,false,,2026-05-20 11:48:27.773401-05,2026-05-21 17:41:48.665723-05
380,93074651-53ce-4b23-8031-2d6bd0d279da,DMMaster,Iron Bands of Binding,"This rusty iron sphere measures 3 inches in diameter and weighs 1 pound. You can use an action to speak the command word and throw the sphere at a Huge or smaller creature you can see within 60 feet of you. As the sphere moves through the air, it opens into a tangle of metal bands.",other,1,5000,1,,0,0,,,,0,Arcane,#8800cc,890,item-380-iron-bands-of-binding.webp,https://tdodj-user-content-dev.s3.amazonaws.com/users/93074651-53ce-4b23-8031-2d6bd0d279da/images/item-380-iron-bands-of-binding.webp,Item-Other,true,true,,,,,,,false,false,,2026-05-20 11:48:27.856053-05,2026-05-20 11:48:27.856053-05
381,93074651-53ce-4b23-8031-2d6bd0d279da,DMMaster,Iron Flask,"This iron bottle has a brass stopper. You can use an action to speak the flask's command word, targeting a creature that you can see within 60 feet of you. If the target is native to a plane of existence other than the one you're on, the target must succeed on a DC 17 Wisdom saving throw or be trapped in the flask. If the target has been trapped by the flask before, it has advantage on the saving throw. Once trapped, a creature remains in the flask until released. The flask can hold only one cre",other,1,100000,1,,0,0,,,,0,Arcane,#8800cc,43,Potion Purple,https://tdodj-user-content-dev.s3.amazonaws.com/users/93074651-53ce-4b23-8031-2d6bd0d279da/images/1776211819605-91d124f4-potions1.jpg,Potion,true,true,,,,,,,false,false,,2026-05-20 11:48:27.951283-05,2026-05-21 17:41:48.666256-05
360,93074651-53ce-4b23-8031-2d6bd0d279da,DMMaster,Iron Horn of Valhalla,"You can use an action to blow this horn. In response, 5d4 + 5 warrior spirits from the Valhalla appear within 60 feet of you. They use the statistics of a berserker. They return to Valhalla after 1 hour or when they drop to 0 hit points. Once you use the horn, it can't be used again until 7 days have passed.",other,1,100000,1,,0,0,,,,0,Arcane,#8800cc,885,item-360-iron-horn-of-valhalla.webp,https://tdodj-user-content-dev.s3.amazonaws.com/users/93074651-53ce-4b23-8031-2d6bd0d279da/images/item-360-iron-horn-of-valhalla.webp,Item-Other,true,true,,,,,,,false,false,,2026-05-20 11:48:25.638607-05,2026-05-20 11:48:25.638607-05
331,93074651-53ce-4b23-8031-2d6bd0d279da,DMMaster,Ivory Goats Figurine of Wondrous Power,"A figurine of wondrous power is a statuette of a beast small enough to fit in a pocket. If you use an action to speak the command word and throw the figurine to a point on the ground within 60 feet of you, the figurine becomes a living creature. If the space where the creature would appear is occupied by other creatures or objects, or if there isn't enough space for the creature, the figurine doesn't become a creature.",other,1,5000,1,,0,0,,,,0,Arcane,#8800cc,865,item-331-ivory-goats-figurine-of-wondrous-power.webp,https://tdodj-user-content-dev.s3.amazonaws.com/users/93074651-53ce-4b23-8031-2d6bd0d279da/images/item-331-ivory-goats-figurine-of-wondrous-power.webp,Item-Other,true,true,,,,,,,false,false,,2026-05-20 11:48:22.114812-05,2026-05-20 11:48:22.114812-05
120,93074651-53ce-4b23-8031-2d6bd0d279da,DMMaster,Javelin,Simple Melee. Deals 1d6 Piercing damage.,weapon,1,1,2,,0,6,,,,0,Blood,#cc0000,24,Short Bow,https://tdodj-user-content-dev.s3.amazonaws.com/users/93074651-53ce-4b23-8031-2d6bd0d279da/images/1776207119573-bfb9a32d-shortbow.png,Item-Weapon,true,true,,,,,,,false,false,,2026-05-20 11:04:24.328433-05,2026-05-21 17:41:48.608382-05
382,93074651-53ce-4b23-8031-2d6bd0d279da,DMMaster,Javelin of Lightning,"This javelin is a magic weapon. When you hurl it and speak its command word, it transforms into a bolt of lightning, forming a line 5 feet wide that extends out from you to a target within 120 feet. Each creature in the line excluding you and the target must make a DC 13 Dexterity saving throw, taking 4d6 lightning damage on a failed save, and half as much damage on a successful one. The lightning bolt turns back into a javelin when it reaches the target. Make a ranged weapon attack against the ",weapon,1,500,1,,0,4,,,,0,Arcane,#8800cc,24,Short Bow,https://tdodj-user-content-dev.s3.amazonaws.com/users/93074651-53ce-4b23-8031-2d6bd0d279da/images/1776207119573-bfb9a32d-shortbow.png,Item-Weapon,true,true,,,,,,,false,false,,2026-05-20 11:48:28.032856-05,2026-05-21 17:41:48.667271-05
121,93074651-53ce-4b23-8031-2d6bd0d279da,DMMaster,Jeweler's Tools,"These special tools include the items needed to pursue a craft or trade. The table shows examples of the most common types of tools, each providing items related to a single craft. Proficiency with a set of artisan's tools lets you add your proficiency bonus to any ability checks you make using the tools in your craft. Each type of artisan's tools requires a separate proficiency.",other,1,25,2,,0,0,,,,0,Blood,#cc0000,49,Blue Magic Stone,https://tdodj-user-content-dev.s3.amazonaws.com/users/93074651-53ce-4b23-8031-2d6bd0d279da/images/1776520054135-ee263bff-blue-magic-stone.jpg,Item-Gem,true,true,,,,,,,false,false,,2026-05-20 11:04:24.412658-05,2026-05-21 17:41:48.608857-05
122,93074651-53ce-4b23-8031-2d6bd0d279da,DMMaster,Jug or pitcher,Adventuring Gear.,other,1,1,4,,0,0,,,,0,Blood,#cc0000,749,item-122-jug-or-pitcher.webp,https://tdodj-user-content-dev.s3.amazonaws.com/users/93074651-53ce-4b23-8031-2d6bd0d279da/images/item-122-jug-or-pitcher.webp,Item-Other,true,true,,,,,,,false,false,,2026-05-20 11:04:24.496837-05,2026-05-20 11:04:24.496837-05
123,93074651-53ce-4b23-8031-2d6bd0d279da,DMMaster,Ladder (10-foot),Adventuring Gear.,other,1,1,25,,0,0,,,,0,Blood,#cc0000,750,item-123-ladder-10-foot.webp,https://tdodj-user-content-dev.s3.amazonaws.com/users/93074651-53ce-4b23-8031-2d6bd0d279da/images/item-123-ladder-10-foot.webp,Item-Other,true,true,,,,,,,false,false,,2026-05-20 11:04:24.660753-05,2026-05-20 11:04:24.660753-05
124,93074651-53ce-4b23-8031-2d6bd0d279da,DMMaster,Lamp,"A lamp casts bright light in a 15-foot radius and dim light for an additional 30 feet. Once lit, it burns for 6 hours on a flask (1 pint) of oil.",other,1,1,1,,0,0,,,,0,Blood,#cc0000,751,item-124-lamp.webp,https://tdodj-user-content-dev.s3.amazonaws.com/users/93074651-53ce-4b23-8031-2d6bd0d279da/images/item-124-lamp.webp,Item-Other,true,true,,,,,,,false,false,,2026-05-20 11:04:24.748546-05,2026-05-20 11:04:24.748546-05
125,93074651-53ce-4b23-8031-2d6bd0d279da,DMMaster,Lance,Martial Melee. Deals 1d12 Piercing damage.,weapon,1,10,6,,0,12,,,,0,Blood,#cc0000,26,Halberd,https://tdodj-user-content-dev.s3.amazonaws.com/users/93074651-53ce-4b23-8031-2d6bd0d279da/images/1776207243225-8859b1b7-halberd3.png,Item-Weapon,true,true,,,,,,,false,false,,2026-05-20 11:04:25.149299-05,2026-05-21 17:41:48.609329-05
383,93074651-53ce-4b23-8031-2d6bd0d279da,DMMaster,Lantern of Revealing,"While lit, this hooded lantern burns for 6 hours on 1 pint of oil, shedding bright light in a 30-foot radius and dim light for an additional 30 feet. Invisible creatures and objects are visible as long as they are in the lantern's bright light. You can use an action to lower the hood, reducing the light to dim light in a 5 foot radius.",other,1,500,1,,0,0,,,,0,Arcane,#8800cc,891,item-383-lantern-of-revealing.webp,https://tdodj-user-content-dev.s3.amazonaws.com/users/93074651-53ce-4b23-8031-2d6bd0d279da/images/item-383-lantern-of-revealing.webp,Item-Other,true,true,,,,,,,false,false,,2026-05-20 11:48:28.1178-05,2026-05-20 11:48:28.1178-05
126,93074651-53ce-4b23-8031-2d6bd0d279da,DMMaster,"Lantern, bullseye","A bullseye lantern casts bright light in a 60-foot cone and dim light for an additional 60 feet. Once lit, it burns for 6 hours on a flask (1 pint) of oil.",light,1,10,2,,0,0,,,,0,Blood,#cc0000,752,item-126-lantern-bullseye.webp,https://tdodj-user-content-dev.s3.amazonaws.com/users/93074651-53ce-4b23-8031-2d6bd0d279da/images/item-126-lantern-bullseye.webp,Item-Other,true,true,,,,,,,false,false,,2026-05-20 11:04:25.238966-05,2026-05-20 11:04:25.238966-05
127,93074651-53ce-4b23-8031-2d6bd0d279da,DMMaster,"Lantern, hooded","A hooded lantern casts bright light in a 30-foot radius and dim light for an additional 30 feet. Once lit, it burns for 6 hours on a flask (1 pint) of oil. As an action, you can lower the hood, reducing the light to dim light in a 5-foot radius.",other,1,5,2,,0,0,,,,0,Blood,#cc0000,753,item-127-lantern-hooded.webp,https://tdodj-user-content-dev.s3.amazonaws.com/users/93074651-53ce-4b23-8031-2d6bd0d279da/images/item-127-lantern-hooded.webp,Item-Other,true,true,,,,,,,true,false,,2026-05-20 11:04:25.324619-05,2026-05-21 21:29:35.562756-05
128,93074651-53ce-4b23-8031-2d6bd0d279da,DMMaster,Leather Armor,Light armor. AC 11.,armor,1,10,10,,11,0,Body,AC,,0,Blood,#cc0000,37,Leather Armor,https://tdodj-user-content-dev.s3.amazonaws.com/users/93074651-53ce-4b23-8031-2d6bd0d279da/images/1776738578503-c579e826-leatherbrestplate.jpg,Item-Armor,true,true,,,,,,,false,false,,2026-05-20 11:04:25.419205-05,2026-05-21 17:41:48.609775-05
20,93074651-53ce-4b23-8031-2d6bd0d279da,DMMaster,Leather Breastplate,Hardened leather covering the torso. Lightweight protection.,armor,0,12,8,,2,0,body,,,0,Blood,#cc0000,37,Leather Armor,https://tdodj-user-content-dev.s3.amazonaws.com/users/93074651-53ce-4b23-8031-2d6bd0d279da/images/1776738578503-c579e826-leatherbrestplate.jpg,Item-Armor,true,true,,,,,,,true,false,,2026-04-26 16:03:07.994877-05,2026-04-30 22:19:42.539116-05
129,93074651-53ce-4b23-8031-2d6bd0d279da,DMMaster,Leatherworker's Tools,"These special tools include the items needed to pursue a craft or trade. The table shows examples of the most common types of tools, each providing items related to a single craft. Proficiency with a set of artisan's tools lets you add your proficiency bonus to any ability checks you make using the tools in your craft. Each type of artisan's tools requires a separate proficiency.",other,1,5,5,,0,0,,,,0,Blood,#cc0000,754,item-129-leatherworker-s-tools.webp,https://tdodj-user-content-dev.s3.amazonaws.com/users/93074651-53ce-4b23-8031-2d6bd0d279da/images/item-129-leatherworker-s-tools.webp,Item-Other,true,true,,,,,,,false,false,,2026-05-20 11:04:25.506928-05,2026-05-20 11:04:25.506928-05
130,93074651-53ce-4b23-8031-2d6bd0d279da,DMMaster,Light hammer,Simple Melee. Deals 1d4 Bludgeoning damage.,weapon,1,2,2,,0,6,,,,0,Blood,#cc0000,35,Mace,https://tdodj-user-content-dev.s3.amazonaws.com/users/93074651-53ce-4b23-8031-2d6bd0d279da/images/1776207993266-cc86220f-mace.png,Item-Weapon,true,true,,,,,,,false,false,,2026-05-20 11:04:25.58842-05,2026-05-21 17:41:48.610231-05
131,93074651-53ce-4b23-8031-2d6bd0d279da,DMMaster,Little bag of sand,"A small bag of sand, typically found in a scholar's pack.",other,1,1,0,,0,0,,,,0,Blood,#cc0000,755,item-131-little-bag-of-sand.webp,https://tdodj-user-content-dev.s3.amazonaws.com/users/93074651-53ce-4b23-8031-2d6bd0d279da/images/item-131-little-bag-of-sand.webp,Item-Other,true,true,,,,,,,false,false,,2026-05-20 11:04:25.667875-05,2026-05-20 11:04:25.667875-05
132,93074651-53ce-4b23-8031-2d6bd0d279da,DMMaster,Lock,"A key is provided with the lock. Without the key, a creature proficient with thieves' tools can pick this lock with a successful DC 15 Dexterity check. Your GM may decide that better locks are available for higher prices.",other,1,10,1,,0,0,,,,0,Blood,#cc0000,756,item-132-lock.webp,https://tdodj-user-content-dev.s3.amazonaws.com/users/93074651-53ce-4b23-8031-2d6bd0d279da/images/item-132-lock.webp,Item-Other,true,true,,,,,,,false,false,,2026-05-20 11:04:25.747564-05,2026-05-20 11:04:25.747564-05
23,93074651-53ce-4b23-8031-2d6bd0d279da,DMMaster,Lock Picks,A slim set of picks for working stubborn locks.,pick,0,5,1,,0,0,,,,0,Blood,#cc0000,36,Lock Picks,https://tdodj-user-content-dev.s3.amazonaws.com/users/93074651-53ce-4b23-8031-2d6bd0d279da/images/1776473759436-c5aeecb2-lockpick.jpg,Item-Pick,true,true,,,,,,,true,false,,2026-04-26 16:03:07.994877-05,2026-04-26 16:03:07.994877-05
16,93074651-53ce-4b23-8031-2d6bd0d279da,DMMaster,Long Bow,A tall bow for long-range precision shots.,weapon,0,16,3,,0,6,,,,0,Blood,#cc0000,23,Long Bow,https://tdodj-user-content-dev.s3.amazonaws.com/users/93074651-53ce-4b23-8031-2d6bd0d279da/images/1776207099926-b1bfb215-longbow1.png,Item-Weapon,true,true,,,,,,,true,true,,2026-04-26 16:03:07.994877-05,2026-04-26 16:03:07.994877-05
2,93074651-53ce-4b23-8031-2d6bd0d279da,DMMaster,Long Sword,"A versatile blade, backbone of most fighters.",weapon,1,12,5,,0,4,,,,0,Blood,#cc0000,21,Long Sword,https://tdodj-user-content-dev.s3.amazonaws.com/users/93074651-53ce-4b23-8031-2d6bd0d279da/images/1775863871958-86e37a04-biggersword.jpg,Item-Weapon,true,true,,,,,,,true,false,,2026-04-26 16:03:07.994877-05,2026-04-26 16:03:07.994877-05
133,93074651-53ce-4b23-8031-2d6bd0d279da,DMMaster,Longbow,Martial Ranged. Deals 1d8 Piercing damage.,weapon,30,50,2,,0,8,,,,0,Blood,#cc0000,23,Long Bow,https://tdodj-user-content-dev.s3.amazonaws.com/users/93074651-53ce-4b23-8031-2d6bd0d279da/images/1776207099926-b1bfb215-longbow1.png,Item-Weapon,true,true,,,,,,,false,true,,2026-05-20 11:04:25.838644-05,2026-05-21 17:41:48.610976-05
134,93074651-53ce-4b23-8031-2d6bd0d279da,DMMaster,Longsword,Martial Melee. Deals 1d8 Slashing damage. Two-handed: 1d10.,weapon,1,15,3,,0,8,,,,0,Blood,#cc0000,21,Long Sword,https://tdodj-user-content-dev.s3.amazonaws.com/users/93074651-53ce-4b23-8031-2d6bd0d279da/images/1775863871958-86e37a04-biggersword.jpg,Item-Weapon,true,true,,,,,,,false,true,,2026-05-20 11:04:26.005717-05,2026-05-21 17:41:48.611465-05
384,93074651-53ce-4b23-8031-2d6bd0d279da,DMMaster,Luck Blade,"You gain a +1 bonus to attack and damage rolls made with this magic weapon. While the sword is on your person, you also gain a +1 bonus to saving throws.",weapon,1,100000,1,,0,4,,,,0,Arcane,#8800cc,17,Short Sword,https://tdodj-user-content-dev.s3.amazonaws.com/users/93074651-53ce-4b23-8031-2d6bd0d279da/images/1775330751059-0beec60d-small-sward.jpg,Item-Weapon,true,true,,,,,,,false,false,,2026-05-20 11:48:28.245455-05,2026-05-21 17:41:48.668455-05
135,93074651-53ce-4b23-8031-2d6bd0d279da,DMMaster,Lute,"Several of the most common types of musical instruments are shown on the table as examples. If you have proficiency with a given musical instrument, you can add your proficiency bonus to any ability checks you make to play music with the instrument. A bard can use a musical instrument as a spellcasting focus. Each type of musical instrument requires a separate proficiency.",other,1,35,2,,0,0,,,,0,Blood,#cc0000,757,item-135-lute.webp,https://tdodj-user-content-dev.s3.amazonaws.com/users/93074651-53ce-4b23-8031-2d6bd0d279da/images/item-135-lute.webp,Item-Other,true,true,,,,,,,false,false,,2026-05-20 11:04:26.094688-05,2026-05-20 11:04:26.094688-05
136,93074651-53ce-4b23-8031-2d6bd0d279da,DMMaster,Lyre,"Several of the most common types of musical instruments are shown on the table as examples. If you have proficiency with a given musical instrument, you can add your proficiency bonus to any ability checks you make to play music with the instrument. A bard can use a musical instrument as a spellcasting focus. Each type of musical instrument requires a separate proficiency.",other,1,30,2,,0,0,,,,0,Blood,#cc0000,758,item-136-lyre.webp,https://tdodj-user-content-dev.s3.amazonaws.com/users/93074651-53ce-4b23-8031-2d6bd0d279da/images/item-136-lyre.webp,Item-Other,true,true,,,,,,,false,false,,2026-05-20 11:04:26.188029-05,2026-05-20 11:04:26.188029-05
5,93074651-53ce-4b23-8031-2d6bd0d279da,DMMaster,Mace,A heavy bludgeon effective against armored foes.,weapon,1,11,6,,0,6,,,,0,Blood,#cc0000,35,Mace,https://tdodj-user-content-dev.s3.amazonaws.com/users/93074651-53ce-4b23-8031-2d6bd0d279da/images/1776207993266-cc86220f-mace.png,Item-Weapon,true,true,,,,,,,true,false,,2026-04-26 16:03:07.994877-05,2026-04-26 16:03:07.994877-05
385,93074651-53ce-4b23-8031-2d6bd0d279da,DMMaster,Mace of Disruption,"When you hit a fiend or an undead with this magic weapon, that creature takes an extra 2d6 radiant damage. If the target has 25 hit points or fewer after taking this damage, it must succeed on a DC 15 Wisdom saving throw or be destroyed. On a successful save, the creature becomes frightened of you until the end of your next turn.",weapon,1,5000,1,,0,4,,,,0,Arcane,#8800cc,35,Mace,https://tdodj-user-content-dev.s3.amazonaws.com/users/93074651-53ce-4b23-8031-2d6bd0d279da/images/1776207993266-cc86220f-mace.png,Item-Weapon,true,true,,,,,,,false,false,,2026-05-20 11:48:28.331972-05,2026-05-21 17:41:48.669249-05
386,93074651-53ce-4b23-8031-2d6bd0d279da,DMMaster,Mace of Smiting,You gain a +1 bonus to attack and damage rolls made with this magic weapon. The bonus increases to +3 when you use the mace to attack a construct.,weapon,1,5000,1,,0,4,,,,0,Arcane,#8800cc,35,Mace,https://tdodj-user-content-dev.s3.amazonaws.com/users/93074651-53ce-4b23-8031-2d6bd0d279da/images/1776207993266-cc86220f-mace.png,Item-Weapon,true,true,,,,,,,false,false,,2026-05-20 11:48:28.413786-05,2026-05-21 17:41:48.669891-05
387,93074651-53ce-4b23-8031-2d6bd0d279da,DMMaster,Mace of Terror,"This magic weapon has 3 charges. While holding it, you can use an action and expend 1 charge to release a wave of terror. Each creature of your choice in a 30-foot radius extending from you must succeed on a DC 15 Wisdom saving throw or become frightened of you for 1 minute. While it is frightened in this way, a creature must spend its turns trying to move as far away from you as it can, and it can't willingly move to a space within 30 feet of you. It also can't take reactions. For its action, i",weapon,1,5000,1,,0,4,,,,0,Arcane,#8800cc,35,Mace,https://tdodj-user-content-dev.s3.amazonaws.com/users/93074651-53ce-4b23-8031-2d6bd0d279da/images/1776207993266-cc86220f-mace.png,Item-Weapon,true,true,,,,,,,false,false,,2026-05-20 11:48:28.495107-05,2026-05-21 17:41:48.670429-05
13,93074651-53ce-4b23-8031-2d6bd0d279da,DMMaster,Magic Wand,Channels magical energy into a focused beam.,weapon,3,20,1,,0,10,,,Magic,3,Blood,#cc0000,32,Magic Wand,https://tdodj-user-content-dev.s3.amazonaws.com/users/93074651-53ce-4b23-8031-2d6bd0d279da/images/1776207714496-2c85e02c-magic-wand.png,Item-Weapon,true,true,,,,,,,true,false,,2026-04-26 16:03:07.994877-05,2026-05-01 20:50:34.38223-05
137,93074651-53ce-4b23-8031-2d6bd0d279da,DMMaster,Magnifying glass,"This lens allows a closer look at small objects. It is also useful as a substitute for flint and steel when starting fires. Lighting a fire with a magnifying glass requires light as bright as sunlight to focus, tinder to ignite, and about 5 minutes for the fire to ignite.",other,1,100,0,,0,0,,,,0,Blood,#cc0000,759,item-137-magnifying-glass.webp,https://tdodj-user-content-dev.s3.amazonaws.com/users/93074651-53ce-4b23-8031-2d6bd0d279da/images/item-137-magnifying-glass.webp,Item-Other,true,true,,,,,,,false,false,,2026-05-20 11:04:26.35912-05,2026-05-20 11:04:26.35912-05
138,93074651-53ce-4b23-8031-2d6bd0d279da,DMMaster,Manacles,These metal restraints can bind a Small or Medium creature. Escaping the manacles requires a successful DC 20 Dexterity check. Breaking them requires a successful DC 20 Strength check.,other,1,2,6,,0,0,,,,0,Blood,#cc0000,760,item-138-manacles.webp,https://tdodj-user-content-dev.s3.amazonaws.com/users/93074651-53ce-4b23-8031-2d6bd0d279da/images/item-138-manacles.webp,Item-Other,true,true,,,,,,,false,false,,2026-05-20 11:04:26.472126-05,2026-05-20 11:04:26.472126-05
388,93074651-53ce-4b23-8031-2d6bd0d279da,DMMaster,Mantle of Spell Resistance,You have advantage on saving throws against spells while you wear this cloak.,other,1,5000,1,,0,0,Body,,,0,Arcane,#8800cc,892,item-388-mantle-of-spell-resistance.webp,https://tdodj-user-content-dev.s3.amazonaws.com/users/93074651-53ce-4b23-8031-2d6bd0d279da/images/item-388-mantle-of-spell-resistance.webp,Item-Other,true,true,,,,,,,false,false,,2026-05-20 11:48:28.571382-05,2026-05-20 11:48:28.571382-05
389,93074651-53ce-4b23-8031-2d6bd0d279da,DMMaster,Manual of Bodily Health,"This book contains health and diet tips, and its words are charged with magic. If you spend 48 hours over a period of 6 days or fewer studying the book's contents and practicing its guidelines, your Constitution score increases by 2, as does your maximum for that score. The manual then loses its magic, but regains it in a century.",other,1,50000,1,,0,0,,,,0,Arcane,#8800cc,46,Magic Scroll 1,https://tdodj-user-content-dev.s3.amazonaws.com/users/93074651-53ce-4b23-8031-2d6bd0d279da/images/1776213079205-9b14b4f9-magicscroll1.jpg,Spell,true,true,,,,,,,false,false,,2026-05-20 11:48:28.650744-05,2026-05-21 17:41:48.671158-05
391,93074651-53ce-4b23-8031-2d6bd0d279da,DMMaster,Manual of Clay Golems,"This tome contains information and incantations necessary to make a clay golem. To decipher and use the manual, you must be a spellcaster with at least two 5th-level spell slots. A creature that can't use a manual of golems and attempts to read it takes 6d6 psychic damage.",other,1,50000,1,,0,0,,,,0,Arcane,#8800cc,46,Magic Scroll 1,https://tdodj-user-content-dev.s3.amazonaws.com/users/93074651-53ce-4b23-8031-2d6bd0d279da/images/1776213079205-9b14b4f9-magicscroll1.jpg,Spell,true,true,,,,,,,false,false,,2026-05-20 11:48:28.89072-05,2026-05-21 17:41:48.672304-05
392,93074651-53ce-4b23-8031-2d6bd0d279da,DMMaster,Manual of Flesh Golems,"This tome contains information and incantations necessary to make a flesh golem. To decipher and use the manual, you must be a spellcaster with at least two 5th-level spell slots. A creature that can't use a manual of golems and attempts to read it takes 6d6 psychic damage.",other,1,50000,1,,0,0,,,,0,Arcane,#8800cc,46,Magic Scroll 1,https://tdodj-user-content-dev.s3.amazonaws.com/users/93074651-53ce-4b23-8031-2d6bd0d279da/images/1776213079205-9b14b4f9-magicscroll1.jpg,Spell,true,true,,,,,,,false,false,,2026-05-20 11:48:28.969952-05,2026-05-21 17:41:48.672847-05
390,93074651-53ce-4b23-8031-2d6bd0d279da,DMMaster,Manual of Gainful Exercise,"This book describes fitness exercises, and its words are charged with magic. If you spend 48 hours over a period of 6 days or fewer studying the book's contents and practicing its guidelines, your Strength score increases by 2, as does your maximum for that score. The manual then loses its magic, but regains it in a century.",other,1,50000,1,,0,0,,,,0,Arcane,#8800cc,46,Magic Scroll 1,https://tdodj-user-content-dev.s3.amazonaws.com/users/93074651-53ce-4b23-8031-2d6bd0d279da/images/1776213079205-9b14b4f9-magicscroll1.jpg,Spell,true,true,,,,,,,false,false,,2026-05-20 11:48:28.727399-05,2026-05-21 17:41:48.671741-05
393,93074651-53ce-4b23-8031-2d6bd0d279da,DMMaster,Manual of Iron Golems,"This tome contains information and incantations necessary to make an iron golem. To decipher and use the manual, you must be a spellcaster with at least two 5th-level spell slots. A creature that can't use a manual of golems and attempts to read it takes 6d6 psychic damage.",other,1,50000,1,,0,0,,,,0,Arcane,#8800cc,46,Magic Scroll 1,https://tdodj-user-content-dev.s3.amazonaws.com/users/93074651-53ce-4b23-8031-2d6bd0d279da/images/1776213079205-9b14b4f9-magicscroll1.jpg,Spell,true,true,,,,,,,false,false,,2026-05-20 11:48:29.053434-05,2026-05-21 17:41:48.673524-05
395,93074651-53ce-4b23-8031-2d6bd0d279da,DMMaster,Manual of Quickness of Action,"This book contains coordination and balance exercises, and its words are charged with magic. If you spend 48 hours over a period of 6 days or fewer studying the book's contents and practicing its guidelines, your Dexterity score increases by 2, as does your maximum for that score. The manual then loses its magic, but regains it in a century.",other,1,50000,1,,0,0,,,,0,Arcane,#8800cc,46,Magic Scroll 1,https://tdodj-user-content-dev.s3.amazonaws.com/users/93074651-53ce-4b23-8031-2d6bd0d279da/images/1776213079205-9b14b4f9-magicscroll1.jpg,Spell,true,true,,,,,,,false,false,,2026-05-20 11:48:29.21287-05,2026-05-21 17:41:48.674583-05
394,93074651-53ce-4b23-8031-2d6bd0d279da,DMMaster,Manual of Stone Golems,"This tome contains information and incantations necessary to make a stone golem. To decipher and use the manual, you must be a spellcaster with at least two 5th-level spell slots. A creature that can't use a manual of golems and attempts to read it takes 6d6 psychic damage.",other,1,50000,1,,0,0,,,,0,Arcane,#8800cc,46,Magic Scroll 1,https://tdodj-user-content-dev.s3.amazonaws.com/users/93074651-53ce-4b23-8031-2d6bd0d279da/images/1776213079205-9b14b4f9-magicscroll1.jpg,Spell,true,true,,,,,,,false,false,,2026-05-20 11:48:29.130798-05,2026-05-21 17:41:48.67414-05
332,93074651-53ce-4b23-8031-2d6bd0d279da,DMMaster,Marble Elephant Figurine of Wondrous Power,"A figurine of wondrous power is a statuette of a beast small enough to fit in a pocket. If you use an action to speak the command word and throw the figurine to a point on the ground within 60 feet of you, the figurine becomes a living creature. If the space where the creature would appear is occupied by other creatures or objects, or if there isn't enough space for the creature, the figurine doesn't become a creature.",other,1,5000,1,,0,0,,,,0,Arcane,#8800cc,866,item-332-marble-elephant-figurine-of-wondrous-power.webp,https://tdodj-user-content-dev.s3.amazonaws.com/users/93074651-53ce-4b23-8031-2d6bd0d279da/images/item-332-marble-elephant-figurine-of-wondrous-power.webp,Item-Other,true,true,,,,,,,false,false,,2026-05-20 11:48:22.220387-05,2026-05-20 11:48:22.220387-05
396,93074651-53ce-4b23-8031-2d6bd0d279da,DMMaster,Marvelous Pigments,"Typically found in 1d4 pots inside a fine wooden box with a brush (weighing 1 pound in total), these pigments allow you to create three-dimensional objects by painting them in two dimensions. The paint flows from the brush to form the desired object as you concentrate on its image.",other,1,50000,1,,0,0,,,,0,Arcane,#8800cc,893,item-396-marvelous-pigments.webp,https://tdodj-user-content-dev.s3.amazonaws.com/users/93074651-53ce-4b23-8031-2d6bd0d279da/images/item-396-marvelous-pigments.webp,Item-Other,true,true,,,,,,,false,false,,2026-05-20 11:48:29.311916-05,2026-05-20 11:48:29.311916-05
139,93074651-53ce-4b23-8031-2d6bd0d279da,DMMaster,Mason's Tools,"These special tools include the items needed to pursue a craft or trade. The table shows examples of the most common types of tools, each providing items related to a single craft. Proficiency with a set of artisan's tools lets you add your proficiency bonus to any ability checks you make using the tools in your craft. Each type of artisan's tools requires a separate proficiency.",other,1,10,8,,0,0,,,,0,Blood,#cc0000,761,item-139-mason-s-tools.webp,https://tdodj-user-content-dev.s3.amazonaws.com/users/93074651-53ce-4b23-8031-2d6bd0d279da/images/item-139-mason-s-tools.webp,Item-Other,true,true,,,,,,,false,false,,2026-05-20 11:04:26.561148-05,2026-05-20 11:04:26.561148-05
140,93074651-53ce-4b23-8031-2d6bd0d279da,DMMaster,Maul,Martial Melee. Deals 2d6 Bludgeoning damage.,weapon,1,10,10,,0,12,,,,0,Blood,#cc0000,27,War Hammer,https://tdodj-user-content-dev.s3.amazonaws.com/users/93074651-53ce-4b23-8031-2d6bd0d279da/images/1776207278855-e30b1fcc-war-hammer3.jpg,Item-Weapon,true,true,,,,,,,false,true,,2026-05-20 11:04:26.724005-05,2026-05-21 17:41:48.612242-05
397,93074651-53ce-4b23-8031-2d6bd0d279da,DMMaster,Medallion of Thoughts,"The medallion has 3 charges. While wearing it, you can use an action and expend 1 charge to cast the detect thoughts spell (save DC 13) from it. The medallion regains 1d3 expended charges daily at dawn.",other,1,500,1,,0,0,,,,0,Arcane,#8800cc,894,item-397-medallion-of-thoughts.webp,https://tdodj-user-content-dev.s3.amazonaws.com/users/93074651-53ce-4b23-8031-2d6bd0d279da/images/item-397-medallion-of-thoughts.webp,Item-Other,true,true,,,,,,,false,false,,2026-05-20 11:48:29.395684-05,2026-05-20 11:48:29.395684-05
141,93074651-53ce-4b23-8031-2d6bd0d279da,DMMaster,Mess Kit,"This tin box contains a cup and simple cutlery. The box clamps together, and one side can be used as a cooking pan and the other as a plate or shallow bowl.",other,1,1,1,,0,0,,,,0,Blood,#cc0000,762,item-141-mess-kit.webp,https://tdodj-user-content-dev.s3.amazonaws.com/users/93074651-53ce-4b23-8031-2d6bd0d279da/images/item-141-mess-kit.webp,Item-Other,true,true,,,,,,,false,false,,2026-05-20 11:04:26.8056-05,2026-05-20 11:04:26.8056-05
398,93074651-53ce-4b23-8031-2d6bd0d279da,DMMaster,Mirror of Life Trapping,"When this 4-foot-tall mirror is viewed indirectly, its surface shows faint images of creatures. The mirror weighs 50 pounds, and it has AC 11, 10 hit points, and vulnerability to bludgeoning damage. It shatters and is destroyed when reduced to 0 hit points.",other,1,50000,1,,0,0,,,,0,Arcane,#8800cc,895,item-398-mirror-of-life-trapping.webp,https://tdodj-user-content-dev.s3.amazonaws.com/users/93074651-53ce-4b23-8031-2d6bd0d279da/images/item-398-mirror-of-life-trapping.webp,Item-Other,true,true,,,,,,,false,false,,2026-05-20 11:48:29.507042-05,2026-05-20 11:48:29.507042-05
220,93074651-53ce-4b23-8031-2d6bd0d279da,DMMaster,"Mirror, steel",Adventuring Gear.,other,1,5,1,,0,0,,,,0,Blood,#cc0000,800,item-220-mirror-steel.webp,https://tdodj-user-content-dev.s3.amazonaws.com/users/93074651-53ce-4b23-8031-2d6bd0d279da/images/item-220-mirror-steel.webp,Item-Other,true,true,,,,,,,false,false,,2026-05-20 11:07:32.028597-05,2026-05-20 11:07:32.028597-05
399,93074651-53ce-4b23-8031-2d6bd0d279da,DMMaster,Mithral Armor,"Mithral is a light, flexible metal. A mithral chain shirt or breastplate can be worn under normal clothes. If the armor normally imposes disadvantage on Dexterity (Stealth) checks or has a Strength requirement, the mithral version of the armor doesn't.",armor,1,500,1,,1,0,Body,AC,,0,Arcane,#8800cc,18,Shield,https://tdodj-user-content-dev.s3.amazonaws.com/users/93074651-53ce-4b23-8031-2d6bd0d279da/images/1775749744062-3957c9cd-shield-one.jpg,Item-Armor,true,true,,,,,,,false,false,,2026-05-20 11:48:29.586278-05,2026-05-21 17:41:48.674934-05
142,93074651-53ce-4b23-8031-2d6bd0d279da,DMMaster,Morningstar,Martial Melee. Deals 1d8 Piercing damage.,weapon,1,15,4,,0,8,,,,0,Blood,#cc0000,35,Mace,https://tdodj-user-content-dev.s3.amazonaws.com/users/93074651-53ce-4b23-8031-2d6bd0d279da/images/1776207993266-cc86220f-mace.png,Item-Weapon,true,true,,,,,,,false,false,,2026-05-20 11:04:27.43035-05,2026-05-21 17:41:48.612604-05
143,93074651-53ce-4b23-8031-2d6bd0d279da,DMMaster,Navigator's Tools,"This set of instruments is used for navigation at sea. Proficiency with navigator's tools lets you chart a ship's course and follow navigation charts. In addition, these tools allow you to add your proficiency bonus to any ability check you make to avoid getting lost at sea.",other,1,25,2,,0,0,,,,0,Blood,#cc0000,763,item-143-navigator-s-tools.webp,https://tdodj-user-content-dev.s3.amazonaws.com/users/93074651-53ce-4b23-8031-2d6bd0d279da/images/item-143-navigator-s-tools.webp,Item-Other,true,true,,,,,,,false,false,,2026-05-20 11:04:27.612087-05,2026-05-20 11:04:27.612087-05
400,93074651-53ce-4b23-8031-2d6bd0d279da,DMMaster,Necklace of Adaptation,"While wearing this necklace, you can breathe normally in any environment, and you have advantage on saving throws made against harmful gases and vapors (such as cloudkill and stinking cloud effects, inhaled poisons, and the breath weapons of some dragons).",other,1,500,1,,0,0,,,,0,Arcane,#8800cc,896,item-400-necklace-of-adaptation.webp,https://tdodj-user-content-dev.s3.amazonaws.com/users/93074651-53ce-4b23-8031-2d6bd0d279da/images/item-400-necklace-of-adaptation.webp,Item-Other,true,true,,,,,,,false,false,,2026-05-20 11:48:29.666299-05,2026-05-20 11:48:29.666299-05
401,93074651-53ce-4b23-8031-2d6bd0d279da,DMMaster,Necklace of Fireballs,"This necklace has 1d6 + 3 beads hanging from it. You can use an action to detach a bead and throw it up to 60 feet away. When it reaches the end of its trajectory, the bead detonates as a 3rd-level fireball spell (save DC 15).",other,1,5000,1,,0,0,,,,0,Arcane,#8800cc,897,item-401-necklace-of-fireballs.webp,https://tdodj-user-content-dev.s3.amazonaws.com/users/93074651-53ce-4b23-8031-2d6bd0d279da/images/item-401-necklace-of-fireballs.webp,Item-Other,true,true,,,,,,,false,false,,2026-05-20 11:48:29.741413-05,2026-05-20 11:48:29.741413-05
402,93074651-53ce-4b23-8031-2d6bd0d279da,DMMaster,Necklace of Prayer Beads,"This necklace has 1d4 + 2 magic beads made from aquamarine, black pearl, or topaz. It also has many nonmagical beads made from stones such as amber, bloodstone, citrine, coral, jade, pearl, or quartz. If a magic bead is removed from the necklace, that bead loses its magic.",other,1,5000,1,,0,0,,,,0,Arcane,#8800cc,898,item-402-necklace-of-prayer-beads.webp,https://tdodj-user-content-dev.s3.amazonaws.com/users/93074651-53ce-4b23-8031-2d6bd0d279da/images/item-402-necklace-of-prayer-beads.webp,Item-Other,true,true,,,,,,,false,false,,2026-05-20 11:48:29.824676-05,2026-05-20 11:48:29.824676-05
144,93074651-53ce-4b23-8031-2d6bd0d279da,DMMaster,Net,Martial Ranged.,weapon,1,1,3,,0,0,,,,0,Blood,#cc0000,24,Short Bow,https://tdodj-user-content-dev.s3.amazonaws.com/users/93074651-53ce-4b23-8031-2d6bd0d279da/images/1776207119573-bfb9a32d-shortbow.png,Item-Weapon,true,true,,,,,,,false,false,,2026-05-20 11:04:27.692496-05,2026-05-21 17:41:48.61319-05
403,93074651-53ce-4b23-8031-2d6bd0d279da,DMMaster,Nine Lives Stealer,You gain a +2 bonus to attack and damage rolls made with this magic weapon.,weapon,1,50000,1,,0,4,,,,0,Arcane,#8800cc,35,Mace,https://tdodj-user-content-dev.s3.amazonaws.com/users/93074651-53ce-4b23-8031-2d6bd0d279da/images/1776207993266-cc86220f-mace.png,Item-Weapon,true,true,,,,,,,false,false,,2026-05-20 11:48:29.911184-05,2026-05-21 17:41:48.675389-05
404,93074651-53ce-4b23-8031-2d6bd0d279da,DMMaster,Oathbow,"When you nock an arrow on this bow, it whispers in Elvish, ""Swift defeat to my enemies."" When you use this weapon to make a ranged attack, you can, as a command phrase, say, ""Swift death to you who have wronged me."" The target of your attack becomes your sworn enemy until it dies or until dawn seven days later. You can have only one such sworn enemy at a time. When your sworn enemy dies, you can choose a new one after the next dawn.",weapon,1,50000,1,,0,6,,,,0,Arcane,#8800cc,24,Short Bow,https://tdodj-user-content-dev.s3.amazonaws.com/users/93074651-53ce-4b23-8031-2d6bd0d279da/images/1776207119573-bfb9a32d-shortbow.png,Item-Weapon,true,true,,,,,,,false,false,,2026-05-20 11:48:29.99065-05,2026-05-21 17:41:48.675714-05
333,93074651-53ce-4b23-8031-2d6bd0d279da,DMMaster,Obsidian Steed Figurine of Wondrous Power,"A figurine of wondrous power is a statuette of a beast small enough to fit in a pocket. If you use an action to speak the command word and throw the figurine to a point on the ground within 60 feet of you, the figurine becomes a living creature. If the space where the creature would appear is occupied by other creatures or objects, or if there isn't enough space for the creature, the figurine doesn't become a creature.",other,1,50000,1,,0,0,,,,0,Arcane,#8800cc,867,item-333-obsidian-steed-figurine-of-wondrous-power.webp,https://tdodj-user-content-dev.s3.amazonaws.com/users/93074651-53ce-4b23-8031-2d6bd0d279da/images/item-333-obsidian-steed-figurine-of-wondrous-power.webp,Item-Other,true,true,,,,,,,false,false,,2026-05-20 11:48:22.325108-05,2026-05-20 11:48:22.325108-05
145,93074651-53ce-4b23-8031-2d6bd0d279da,DMMaster,Oil (flask),Oil usually comes in a clay flask that holds 1 pint.,other,1,1,1,,0,0,,,,0,Blood,#cc0000,40,Potion Blue,https://tdodj-user-content-dev.s3.amazonaws.com/users/93074651-53ce-4b23-8031-2d6bd0d279da/images/1776211659025-69e08200-potions5.jpg,Potion,true,true,,,,,,,false,false,,2026-05-20 11:04:27.780952-05,2026-05-21 17:41:48.613515-05
334,93074651-53ce-4b23-8031-2d6bd0d279da,DMMaster,Onyx Dog Figurine of Wondrous Power,"A figurine of wondrous power is a statuette of a beast small enough to fit in a pocket. If you use an action to speak the command word and throw the figurine to a point on the ground within 60 feet of you, the figurine becomes a living creature. If the space where the creature would appear is occupied by other creatures or objects, or if there isn't enough space for the creature, the figurine doesn't become a creature.",other,1,5000,1,,0,0,,,,0,Arcane,#8800cc,868,item-334-onyx-dog-figurine-of-wondrous-power.webp,https://tdodj-user-content-dev.s3.amazonaws.com/users/93074651-53ce-4b23-8031-2d6bd0d279da/images/item-334-onyx-dog-figurine-of-wondrous-power.webp,Item-Other,true,true,,,,,,,false,false,,2026-05-20 11:48:22.724384-05,2026-05-20 11:48:22.724384-05
146,93074651-53ce-4b23-8031-2d6bd0d279da,DMMaster,Orb,"An arcane focus is a special item--an orb, a crystal, a rod, a specially constructed staff, a wand-like length of wood, or some similar item--designed to channel the power of arcane spells. A sorcerer, warlock, or wizard can use such an item as a spellcasting focus.",other,1,20,3,,0,0,,,,0,Blood,#cc0000,19,Staff,https://tdodj-user-content-dev.s3.amazonaws.com/users/93074651-53ce-4b23-8031-2d6bd0d279da/images/1775862637831-4a8c9ee5-staff.jpg,Item-Weapon,true,true,,,,,,,false,false,,2026-05-20 11:04:27.867621-05,2026-05-21 17:41:48.613858-05
405,93074651-53ce-4b23-8031-2d6bd0d279da,DMMaster,Orb of Dragonkind,"Ages past, elves and humans waged a terrible war against evil dragons. When the world seemed doomed, powerful wizards came together and worked their greatest magic, forging five Orbs of Dragonkind (or Dragon Orbs) to help them defeat the dragons. One orb was taken to each of the five wizard towers, and there they were used to speed the war toward a victorious end. The wizards used the orbs to lure dragons to them, then destroyed the dragons with powerful magic.",other,1,250000,1,,0,0,,,,0,Arcane,#8800cc,30,Quarter Staff,https://tdodj-user-content-dev.s3.amazonaws.com/users/93074651-53ce-4b23-8031-2d6bd0d279da/images/1776207630325-1b8fb638-quarter-staff.png,Item-Weapon,true,true,,,,,,,false,false,,2026-05-20 11:48:30.356757-05,2026-05-21 17:41:48.676024-05
147,93074651-53ce-4b23-8031-2d6bd0d279da,DMMaster,Padded Armor,Light armor. AC 11. Imposes disadvantage on Stealth checks.,armor,1,5,8,,11,0,Body,AC,,0,Blood,#cc0000,69,helmet,https://tdodj-user-content-dev.s3.amazonaws.com/users/93074651-53ce-4b23-8031-2d6bd0d279da/images/1777753269899-c0e84361-helmet.png,Item-Armor,true,true,,,,,,,false,false,,2026-05-20 11:04:27.947289-05,2026-05-21 17:41:48.615448-05
148,93074651-53ce-4b23-8031-2d6bd0d279da,DMMaster,Painter's Supplies,"These special tools include the items needed to pursue a craft or trade. The table shows examples of the most common types of tools, each providing items related to a single craft. Proficiency with a set of artisan's tools lets you add your proficiency bonus to any ability checks you make using the tools in your craft. Each type of artisan's tools requires a separate proficiency.",other,1,10,5,,0,0,,,,0,Blood,#cc0000,764,item-148-painter-s-supplies.webp,https://tdodj-user-content-dev.s3.amazonaws.com/users/93074651-53ce-4b23-8031-2d6bd0d279da/images/item-148-painter-s-supplies.webp,Item-Other,true,true,,,,,,,false,false,,2026-05-20 11:04:28.039461-05,2026-05-20 11:04:28.039461-05
149,93074651-53ce-4b23-8031-2d6bd0d279da,DMMaster,Pan flute,"Several of the most common types of musical instruments are shown on the table as examples. If you have proficiency with a given musical instrument, you can add your proficiency bonus to any ability checks you make to play music with the instrument. A bard can use a musical instrument as a spellcasting focus. Each type of musical instrument requires a separate proficiency.",other,1,12,2,,0,0,,,,0,Blood,#cc0000,765,item-149-pan-flute.webp,https://tdodj-user-content-dev.s3.amazonaws.com/users/93074651-53ce-4b23-8031-2d6bd0d279da/images/item-149-pan-flute.webp,Item-Other,true,true,,,,,,,false,false,,2026-05-20 11:04:28.137278-05,2026-05-20 11:04:28.137278-05
150,93074651-53ce-4b23-8031-2d6bd0d279da,DMMaster,Paper (one sheet),Adventuring Gear.,other,1,1,0,,0,0,,,,0,Blood,#cc0000,766,item-150-paper-one-sheet.webp,https://tdodj-user-content-dev.s3.amazonaws.com/users/93074651-53ce-4b23-8031-2d6bd0d279da/images/item-150-paper-one-sheet.webp,Item-Other,true,true,,,,,,,false,false,,2026-05-20 11:04:28.221931-05,2026-05-20 11:04:28.221931-05
151,93074651-53ce-4b23-8031-2d6bd0d279da,DMMaster,Parchment (one sheet),Adventuring Gear.,other,1,1,0,,0,0,,,,0,Blood,#cc0000,767,item-151-parchment-one-sheet.webp,https://tdodj-user-content-dev.s3.amazonaws.com/users/93074651-53ce-4b23-8031-2d6bd0d279da/images/item-151-parchment-one-sheet.webp,Item-Other,true,true,,,,,,,false,false,,2026-05-20 11:04:28.31391-05,2026-05-20 11:04:28.31391-05
406,93074651-53ce-4b23-8031-2d6bd0d279da,DMMaster,Pearl of Power,"While this pearl is on your person, you can use an action to speak its command word and regain one expended spell slot. If the expended slot was of 4th level or higher, the new slot is 3rd level. Once you use the pearl, it can't be used again until the next dawn.",other,1,500,1,,0,0,,,,0,Arcane,#8800cc,49,Blue Magic Stone,https://tdodj-user-content-dev.s3.amazonaws.com/users/93074651-53ce-4b23-8031-2d6bd0d279da/images/1776520054135-ee263bff-blue-magic-stone.jpg,Item-Gem,true,true,,,,,,,false,false,,2026-05-20 11:48:30.436754-05,2026-05-21 17:41:48.676326-05
152,93074651-53ce-4b23-8031-2d6bd0d279da,DMMaster,Perfume (vial),Adventuring Gear.,other,1,5,0,,0,0,,,,0,Blood,#cc0000,41,Potion Green,https://tdodj-user-content-dev.s3.amazonaws.com/users/93074651-53ce-4b23-8031-2d6bd0d279da/images/1776211693488-6384b893-potions4.jpg,Potion,true,true,,,,,,,false,false,,2026-05-20 11:04:28.403919-05,2026-05-21 17:41:48.616119-05
407,93074651-53ce-4b23-8031-2d6bd0d279da,DMMaster,Periapt of Health,"You are immune to contracting any disease while you wear this pendant. If you are already infected with a disease, the effects of the disease are suppressed you while you wear the pendant.",other,1,500,1,,0,0,,,,0,Arcane,#8800cc,899,item-407-periapt-of-health.webp,https://tdodj-user-content-dev.s3.amazonaws.com/users/93074651-53ce-4b23-8031-2d6bd0d279da/images/item-407-periapt-of-health.webp,Item-Other,true,true,,,,,,,false,false,,2026-05-20 11:48:30.613732-05,2026-05-20 11:48:30.613732-05
408,93074651-53ce-4b23-8031-2d6bd0d279da,DMMaster,Periapt of Proof against Poison,"This delicate silver chain has a brilliant-cut black gem pendant. While you wear it, poisons have no effect on you. You are immune to the poisoned condition and have immunity to poison damage.",other,1,5000,1,,0,0,,,,0,Arcane,#8800cc,900,item-408-periapt-of-proof-against-poison.webp,https://tdodj-user-content-dev.s3.amazonaws.com/users/93074651-53ce-4b23-8031-2d6bd0d279da/images/item-408-periapt-of-proof-against-poison.webp,Item-Other,true,true,,,,,,,false,false,,2026-05-20 11:48:30.997412-05,2026-05-20 11:48:30.997412-05
409,93074651-53ce-4b23-8031-2d6bd0d279da,DMMaster,Periapt of Wound Closure,"While you wear this pendant, you stabilize whenever you are dying at the start of your turn. In addition, whenever you roll a Hit Die to regain hit points, double the number of hit points it restores.",other,1,500,1,,0,0,,,,0,Arcane,#8800cc,901,item-409-periapt-of-wound-closure.webp,https://tdodj-user-content-dev.s3.amazonaws.com/users/93074651-53ce-4b23-8031-2d6bd0d279da/images/item-409-periapt-of-wound-closure.webp,Item-Other,true,true,,,,,,,false,false,,2026-05-20 11:48:31.085634-05,2026-05-20 11:48:31.085634-05
153,93074651-53ce-4b23-8031-2d6bd0d279da,DMMaster,"Pick, miner's",Adventuring Gear.,other,1,2,10,,0,0,,,,0,Blood,#cc0000,36,Lock Picks,https://tdodj-user-content-dev.s3.amazonaws.com/users/93074651-53ce-4b23-8031-2d6bd0d279da/images/1776473759436-c5aeecb2-lockpick.jpg,Item-Pick,true,true,,,,,,,false,false,,2026-05-20 11:04:28.490071-05,2026-05-21 17:41:48.616738-05
154,93074651-53ce-4b23-8031-2d6bd0d279da,DMMaster,Pike,Martial Melee. Deals 1d10 Piercing damage.,weapon,1,5,18,,0,10,,,,0,Blood,#cc0000,26,Halberd,https://tdodj-user-content-dev.s3.amazonaws.com/users/93074651-53ce-4b23-8031-2d6bd0d279da/images/1776207243225-8859b1b7-halberd3.png,Item-Weapon,true,true,,,,,,,false,true,,2026-05-20 11:04:28.585647-05,2026-05-21 17:41:48.61733-05
410,93074651-53ce-4b23-8031-2d6bd0d279da,DMMaster,Pipes of Haunting,"You must be proficient with wind instruments to use these pipes. They have 3 charges. You can use an action to play them and expend 1 charge to create an eerie, spellbinding tune. Each creature within 30 feet of you that hears you play must succeed on a DC 15 Wisdom saving throw or become frightened of you for 1 minute. If you wish, all creatures in the area that aren't hostile toward you automatically succeed on the saving throw. A creature that fails the saving throw can repeat it at the end o",other,1,500,1,,0,0,,,,0,Arcane,#8800cc,902,item-410-pipes-of-haunting.webp,https://tdodj-user-content-dev.s3.amazonaws.com/users/93074651-53ce-4b23-8031-2d6bd0d279da/images/item-410-pipes-of-haunting.webp,Item-Other,true,true,,,,,,,false,false,,2026-05-20 11:48:31.260052-05,2026-05-20 11:48:31.260052-05
411,93074651-53ce-4b23-8031-2d6bd0d279da,DMMaster,Pipes of the Sewers,"You must be proficient with wind instruments to use these pipes. While you are attuned to the pipes, ordinary rats and giant rats are indifferent toward you and will not attack you unless you threaten or harm them.",other,1,500,1,,0,0,,,,0,Arcane,#8800cc,903,item-411-pipes-of-the-sewers.webp,https://tdodj-user-content-dev.s3.amazonaws.com/users/93074651-53ce-4b23-8031-2d6bd0d279da/images/item-411-pipes-of-the-sewers.webp,Item-Other,true,true,,,,,,,false,false,,2026-05-20 11:48:31.355037-05,2026-05-20 11:48:31.355037-05
221,93074651-53ce-4b23-8031-2d6bd0d279da,DMMaster,Piton,Adventuring Gear.,other,1,1,1,,0,0,,,,0,Blood,#cc0000,801,item-221-piton.webp,https://tdodj-user-content-dev.s3.amazonaws.com/users/93074651-53ce-4b23-8031-2d6bd0d279da/images/item-221-piton.webp,Item-Other,true,true,,,,,,,false,false,,2026-05-20 11:07:33.304651-05,2026-05-20 11:07:33.304651-05
155,93074651-53ce-4b23-8031-2d6bd0d279da,DMMaster,Plate Armor,Heavy armor. AC 18. Imposes disadvantage on Stealth checks. Requires 15 Strength.,armor,1,1500,65,,18,0,Body,AC,,0,Blood,#cc0000,37,Leather Armor,https://tdodj-user-content-dev.s3.amazonaws.com/users/93074651-53ce-4b23-8031-2d6bd0d279da/images/1776738578503-c579e826-leatherbrestplate.jpg,Item-Armor,true,true,,,,,,,false,false,,2026-05-20 11:04:28.79108-05,2026-05-21 17:41:48.618115-05
412,93074651-53ce-4b23-8031-2d6bd0d279da,DMMaster,Plate Armor of Etherealness,"While you're wearing this armor, you can speak its command word as an action to gain the effect of the etherealness spell, which last for 10 minutes or until you remove the armor or use an action to speak the command word again. This property of the armor can't be used again until the next dawn.",armor,1,100000,1,,5,0,Body,AC,,0,Arcane,#8800cc,37,Leather Armor,https://tdodj-user-content-dev.s3.amazonaws.com/users/93074651-53ce-4b23-8031-2d6bd0d279da/images/1776738578503-c579e826-leatherbrestplate.jpg,Item-Armor,true,true,,,,,,,false,false,,2026-05-20 11:48:31.440534-05,2026-05-21 17:41:48.676724-05
156,93074651-53ce-4b23-8031-2d6bd0d279da,DMMaster,Playing Card Set,"This item encompasses a wide range of game pieces, including dice and decks of cards (for games such as Three-Dragon Ante). A few common examples appear on the Tools table, but other kinds of gaming sets exist. If you are proficient with a gaming set, you can add your proficiency bonus to ability checks you make to play a game with that set. Each type of gaming set requires a separate proficiency.",other,1,1,0,,0,0,,,,0,Blood,#cc0000,768,item-156-playing-card-set.webp,https://tdodj-user-content-dev.s3.amazonaws.com/users/93074651-53ce-4b23-8031-2d6bd0d279da/images/item-156-playing-card-set.webp,Item-Other,true,true,,,,,,,false,false,,2026-05-20 11:04:28.888268-05,2026-05-20 11:04:28.888268-05
157,93074651-53ce-4b23-8031-2d6bd0d279da,DMMaster,"Poison, basic (vial)","You can use the poison in this vial to coat one slashing or piercing weapon or up to three pieces of ammunition. Applying the poison takes an action. A creature hit by the poisoned weapon or ammunition must make a DC 10 Constitution saving throw or take 1d4 poison damage. Once applied, the poison retains potency for 1 minute before drying.",other,1,100,0,,0,0,,,,0,Blood,#cc0000,40,Potion Blue,https://tdodj-user-content-dev.s3.amazonaws.com/users/93074651-53ce-4b23-8031-2d6bd0d279da/images/1776211659025-69e08200-potions5.jpg,Potion,true,true,,,,,,,false,false,,2026-05-20 11:04:28.980547-05,2026-05-21 17:41:48.618691-05
158,93074651-53ce-4b23-8031-2d6bd0d279da,DMMaster,Poisoner's Kit,"A poisoner's kit includes the vials, chemicals, and other equipment necessary for the creation of poisons. Proficiency with this kit lets you add your proficiency bonus to any ability checks you make to craft or use poisons.",other,1,50,2,,0,0,,,,0,Blood,#cc0000,769,item-158-poisoner-s-kit.webp,https://tdodj-user-content-dev.s3.amazonaws.com/users/93074651-53ce-4b23-8031-2d6bd0d279da/images/item-158-poisoner-s-kit.webp,Item-Other,true,true,,,,,,,false,false,,2026-05-20 11:04:29.072215-05,2026-05-20 11:04:29.072215-05
159,93074651-53ce-4b23-8031-2d6bd0d279da,DMMaster,Pole (10-foot),Adventuring Gear.,other,1,1,7,,0,0,,,,0,Blood,#cc0000,770,item-159-pole-10-foot.webp,https://tdodj-user-content-dev.s3.amazonaws.com/users/93074651-53ce-4b23-8031-2d6bd0d279da/images/item-159-pole-10-foot.webp,Item-Other,true,true,,,,,,,false,false,,2026-05-20 11:04:29.467739-05,2026-05-20 11:04:29.467739-05
413,93074651-53ce-4b23-8031-2d6bd0d279da,DMMaster,Portable Hole,"This fine black cloth, soft as silk, is folded up to the dimensions of a handkerchief. It unfolds into a circular sheet 6 feet in diameter.",other,1,5000,1,,0,0,,,,0,Arcane,#8800cc,904,item-413-portable-hole.webp,https://tdodj-user-content-dev.s3.amazonaws.com/users/93074651-53ce-4b23-8031-2d6bd0d279da/images/item-413-portable-hole.webp,Item-Other,true,true,,,,,,,false,false,,2026-05-20 11:48:31.536472-05,2026-05-20 11:48:31.536472-05
160,93074651-53ce-4b23-8031-2d6bd0d279da,DMMaster,"Pot, iron",Adventuring Gear.,other,1,2,10,,0,0,,,,0,Blood,#cc0000,771,item-160-pot-iron.webp,https://tdodj-user-content-dev.s3.amazonaws.com/users/93074651-53ce-4b23-8031-2d6bd0d279da/images/item-160-pot-iron.webp,Item-Other,true,true,,,,,,,false,false,,2026-05-20 11:04:29.622379-05,2026-05-20 11:04:29.622379-05
161,93074651-53ce-4b23-8031-2d6bd0d279da,DMMaster,Potter's Tools,"These special tools include the items needed to pursue a craft or trade. The table shows examples of the most common types of tools, each providing items related to a single craft. Proficiency with a set of artisan's tools lets you add your proficiency bonus to any ability checks you make using the tools in your craft. Each type of artisan's tools requires a separate proficiency.",other,1,10,3,,0,0,,,,0,Blood,#cc0000,772,item-161-potter-s-tools.webp,https://tdodj-user-content-dev.s3.amazonaws.com/users/93074651-53ce-4b23-8031-2d6bd0d279da/images/item-161-potter-s-tools.webp,Item-Other,true,true,,,,,,,false,false,,2026-05-20 11:04:29.708119-05,2026-05-20 11:04:29.708119-05
162,93074651-53ce-4b23-8031-2d6bd0d279da,DMMaster,Pouch,"A cloth or leather pouch can hold up to 20 sling bullets or 50 blowgun needles, among other things. A compartmentalized pouch for holding spell components is called a component pouch (described earlier in this section).",other,1,1,1,,0,0,,,,0,Blood,#cc0000,773,item-162-pouch.webp,https://tdodj-user-content-dev.s3.amazonaws.com/users/93074651-53ce-4b23-8031-2d6bd0d279da/images/item-162-pouch.webp,Item-Other,true,true,,,,,,,false,false,,2026-05-20 11:04:29.791818-05,2026-05-20 11:04:29.791818-05
163,93074651-53ce-4b23-8031-2d6bd0d279da,DMMaster,Priest's Pack,Adventuring Gear.,other,1,19,0,,0,0,,,,0,Blood,#cc0000,774,item-163-priest-s-pack.webp,https://tdodj-user-content-dev.s3.amazonaws.com/users/93074651-53ce-4b23-8031-2d6bd0d279da/images/item-163-priest-s-pack.webp,Item-Other,true,true,,,,,,,false,false,,2026-05-20 11:04:29.898833-05,2026-05-20 11:04:29.898833-05
10,93074651-53ce-4b23-8031-2d6bd0d279da,DMMaster,Quarter Staff,"A versatile wooden staff, favored by monks and mages.",weapon,1,6,3,,0,6,,,,0,Blood,#cc0000,30,Quarter Staff,https://tdodj-user-content-dev.s3.amazonaws.com/users/93074651-53ce-4b23-8031-2d6bd0d279da/images/1776207630325-1b8fb638-quarter-staff.png,Item-Weapon,true,true,,,,,,,true,true,,2026-04-26 16:03:07.994877-05,2026-04-26 16:03:07.994877-05
164,93074651-53ce-4b23-8031-2d6bd0d279da,DMMaster,Quarterstaff,Simple Melee. Deals 1d6 Bludgeoning damage. Two-handed: 1d8.,weapon,1,1,4,,0,6,,,,0,Blood,#cc0000,30,Quarter Staff,https://tdodj-user-content-dev.s3.amazonaws.com/users/93074651-53ce-4b23-8031-2d6bd0d279da/images/1776207630325-1b8fb638-quarter-staff.png,Item-Weapon,true,true,,,,,,,false,true,,2026-05-20 11:04:29.987932-05,2026-05-21 17:41:48.619316-05
165,93074651-53ce-4b23-8031-2d6bd0d279da,DMMaster,Quiver,A quiver can hold up to 20 arrows.,other,1,1,1,,0,0,,,,0,Blood,#cc0000,22,Crossbow,https://tdodj-user-content-dev.s3.amazonaws.com/users/93074651-53ce-4b23-8031-2d6bd0d279da/images/1776207074162-ebc7f78d-crossbow1.jpg,Item-Weapon,true,true,,,,,,,false,false,,2026-05-20 11:04:30.076313-05,2026-05-21 17:41:48.619775-05
166,93074651-53ce-4b23-8031-2d6bd0d279da,DMMaster,"Ram, portable","You can use a portable ram to break down doors. When doing so, you gain a +4 bonus on the Strength check. One other character can help you use the ram, giving you advantage on this check.",other,1,4,35,,0,0,,,,0,Blood,#cc0000,775,item-166-ram-portable.webp,https://tdodj-user-content-dev.s3.amazonaws.com/users/93074651-53ce-4b23-8031-2d6bd0d279da/images/item-166-ram-portable.webp,Item-Other,true,true,,,,,,,false,false,,2026-05-20 11:04:30.157162-05,2026-05-20 11:04:30.157162-05
4,93074651-53ce-4b23-8031-2d6bd0d279da,DMMaster,Rapier,A slender thrusting blade favored by duelists.,weapon,1,10,2,,0,6,,,,0,Blood,#cc0000,34,Rapier,https://tdodj-user-content-dev.s3.amazonaws.com/users/93074651-53ce-4b23-8031-2d6bd0d279da/images/1776207963723-d6e31d72-rapier2.png,Item-Weapon,true,true,,,,,,,true,false,,2026-04-26 16:03:07.994877-05,2026-04-26 16:03:07.994877-05
167,93074651-53ce-4b23-8031-2d6bd0d279da,DMMaster,Rations (1 day),"Rations consist of dry foods suitable for extended travel, including jerky, dried fruit, hardtack, and nuts.",other,1,1,2,,0,0,,,,0,Blood,#cc0000,776,item-167-rations-1-day.webp,https://tdodj-user-content-dev.s3.amazonaws.com/users/93074651-53ce-4b23-8031-2d6bd0d279da/images/item-167-rations-1-day.webp,Item-Other,true,true,,,,,,,false,false,,2026-05-20 11:04:30.322087-05,2026-05-20 11:04:30.322087-05
302,93074651-53ce-4b23-8031-2d6bd0d279da,DMMaster,Red Dragon Scale Mail,"Dragon scale mail is made of the scales of a red dragon. Sometimes dragons collect their cast-off scales and gift them to humanoids. Other times, hunters carefully skin and preserve the hide of a dead dragon. In either case, dragon scale mail is highly valued.",armor,1,50000,1,,1,0,Body,AC,,0,Arcane,#8800cc,37,Leather Armor,https://tdodj-user-content-dev.s3.amazonaws.com/users/93074651-53ce-4b23-8031-2d6bd0d279da/images/1776738578503-c579e826-leatherbrestplate.jpg,Item-Armor,true,true,,,,,,,false,false,,2026-05-20 11:48:18.896532-05,2026-05-21 17:41:48.647384-05
168,93074651-53ce-4b23-8031-2d6bd0d279da,DMMaster,Reliquary,"A holy symbol is a representation of a god or pantheon. It might be an amulet depicting a symbol representing a deity, the same symbol carefully engraved or inlaid as an emblem on a shield, or a tiny box holding a fragment of a sacred relic.",other,1,5,2,,0,0,,,,0,Blood,#cc0000,777,item-168-reliquary.webp,https://tdodj-user-content-dev.s3.amazonaws.com/users/93074651-53ce-4b23-8031-2d6bd0d279da/images/item-168-reliquary.webp,Item-Other,true,true,,,,,,,false,false,,2026-05-20 11:04:30.398286-05,2026-05-20 11:04:30.398286-05
414,93074651-53ce-4b23-8031-2d6bd0d279da,DMMaster,Restorative Ointment,"This glass jar, 3 inches in diameter, contains 1d4 + 1 doses of a thick mixture that smells faintly of aloe. The jar and its contents weigh 1/2 pound.",other,1,500,1,,0,0,,,,0,Arcane,#8800cc,905,item-414-restorative-ointment.webp,https://tdodj-user-content-dev.s3.amazonaws.com/users/93074651-53ce-4b23-8031-2d6bd0d279da/images/item-414-restorative-ointment.webp,Item-Other,true,true,,,,,,,false,false,,2026-05-20 11:48:35.276434-05,2026-05-20 11:48:35.276434-05
169,93074651-53ce-4b23-8031-2d6bd0d279da,DMMaster,Ring Mail,Heavy armor. AC 14. Imposes disadvantage on Stealth checks.,armor,1,30,40,,14,0,Body,AC,,0,Blood,#cc0000,37,Leather Armor,https://tdodj-user-content-dev.s3.amazonaws.com/users/93074651-53ce-4b23-8031-2d6bd0d279da/images/1776738578503-c579e826-leatherbrestplate.jpg,Item-Armor,true,true,,,,,,,false,false,,2026-05-20 11:04:30.48199-05,2026-05-21 17:41:48.620207-05
428,93074651-53ce-4b23-8031-2d6bd0d279da,DMMaster,Ring of Acid Resistance,You have resistance to acid damage while wearing this pearl ring.,ring,1,5000,1,,0,0,,,,0,Arcane,#8800cc,72,Blue gem stonr,https://tdodj-user-content-dev.s3.amazonaws.com/users/93074651-53ce-4b23-8031-2d6bd0d279da/images/1778123738823-bb5e0c69-blue-gem-stonr.png,Item-Gem,true,true,,,,,,,false,false,,2026-05-20 11:48:36.784631-05,2026-05-21 17:41:48.682828-05
417,93074651-53ce-4b23-8031-2d6bd0d279da,DMMaster,Ring of Air Elemental Command,This ring is linked to the Elemental Plane of Air.,ring,1,100000,1,,0,0,,,,0,Arcane,#8800cc,72,Blue gem stonr,https://tdodj-user-content-dev.s3.amazonaws.com/users/93074651-53ce-4b23-8031-2d6bd0d279da/images/1778123738823-bb5e0c69-blue-gem-stonr.png,Item-Gem,true,true,,,,,,,false,false,,2026-05-20 11:48:35.690042-05,2026-05-21 17:41:48.678138-05
415,93074651-53ce-4b23-8031-2d6bd0d279da,DMMaster,Ring of Animal Influence,"This ring has 3 charges, and it regains 1d3 expended charges daily at dawn. While wearing the ring, you can use an action to expend 1 of its charges to cast one of the following spells:",ring,1,5000,1,,0,0,,,,0,Arcane,#8800cc,49,Blue Magic Stone,https://tdodj-user-content-dev.s3.amazonaws.com/users/93074651-53ce-4b23-8031-2d6bd0d279da/images/1776520054135-ee263bff-blue-magic-stone.jpg,Item-Gem,true,true,,,,,,,false,false,,2026-05-20 11:48:35.3559-05,2026-05-21 17:41:48.67723-05
429,93074651-53ce-4b23-8031-2d6bd0d279da,DMMaster,Ring of Cold Resistance,You have resistance to cold damage while wearing this tourmaline ring.,ring,1,5000,1,,0,0,,,,0,Arcane,#8800cc,49,Blue Magic Stone,https://tdodj-user-content-dev.s3.amazonaws.com/users/93074651-53ce-4b23-8031-2d6bd0d279da/images/1776520054135-ee263bff-blue-magic-stone.jpg,Item-Gem,true,true,,,,,,,false,false,,2026-05-20 11:48:36.871663-05,2026-05-21 17:41:48.683505-05
416,93074651-53ce-4b23-8031-2d6bd0d279da,DMMaster,Ring of Djinni Summoning,"While wearing this ring, you can speak its command word as an action to summon a particular djinni from the Elemental Plane of Air. The djinni appears in an unoccupied space you choose within 120 feet of you. It remains as long as you concentrate (as if concentrating on a spell), to a maximum of 1 hour, or until it drops to 0 hit points. It then returns to its home plane.",ring,1,100000,1,,0,0,,,,0,Arcane,#8800cc,72,Blue gem stonr,https://tdodj-user-content-dev.s3.amazonaws.com/users/93074651-53ce-4b23-8031-2d6bd0d279da/images/1778123738823-bb5e0c69-blue-gem-stonr.png,Item-Gem,true,true,,,,,,,false,false,,2026-05-20 11:48:35.451805-05,2026-05-21 17:41:48.677754-05
418,93074651-53ce-4b23-8031-2d6bd0d279da,DMMaster,Ring of Earth Elemental Command,This ring is linked to the Elemental Plane of Earth.,ring,1,100000,1,,0,0,,,,0,Arcane,#8800cc,72,Blue gem stonr,https://tdodj-user-content-dev.s3.amazonaws.com/users/93074651-53ce-4b23-8031-2d6bd0d279da/images/1778123738823-bb5e0c69-blue-gem-stonr.png,Item-Gem,true,true,,,,,,,false,false,,2026-05-20 11:48:35.7701-05,2026-05-21 17:41:48.678475-05
421,93074651-53ce-4b23-8031-2d6bd0d279da,DMMaster,Ring of Evasion,"This ring has 3 charges, and it regains 1d3 expended charges daily at dawn. When you fail a Dexterity saving throw while wearing it, you can use your reaction to expend 1 of its charges to succeed on that saving throw instead.",ring,1,5000,1,,0,0,,,,0,Arcane,#8800cc,72,Blue gem stonr,https://tdodj-user-content-dev.s3.amazonaws.com/users/93074651-53ce-4b23-8031-2d6bd0d279da/images/1778123738823-bb5e0c69-blue-gem-stonr.png,Item-Gem,true,true,,,,,,,false,false,,2026-05-20 11:48:36.021542-05,2026-05-21 17:41:48.679461-05
422,93074651-53ce-4b23-8031-2d6bd0d279da,DMMaster,Ring of Feather Falling,"When you fall while wearing this ring, you descend 60 feet per round and take no damage from falling.",ring,1,5000,1,,0,0,,,,0,Arcane,#8800cc,49,Blue Magic Stone,https://tdodj-user-content-dev.s3.amazonaws.com/users/93074651-53ce-4b23-8031-2d6bd0d279da/images/1776520054135-ee263bff-blue-magic-stone.jpg,Item-Gem,true,true,,,,,,,false,false,,2026-05-20 11:48:36.107845-05,2026-05-21 17:41:48.679909-05
419,93074651-53ce-4b23-8031-2d6bd0d279da,DMMaster,Ring of Fire Elemental Command,This ring is linked to the Elemental Plane of Fire.,ring,1,100000,1,,0,0,,,,0,Arcane,#8800cc,49,Blue Magic Stone,https://tdodj-user-content-dev.s3.amazonaws.com/users/93074651-53ce-4b23-8031-2d6bd0d279da/images/1776520054135-ee263bff-blue-magic-stone.jpg,Item-Gem,true,true,,,,,,,false,false,,2026-05-20 11:48:35.846808-05,2026-05-21 17:41:48.678775-05
430,93074651-53ce-4b23-8031-2d6bd0d279da,DMMaster,Ring of Fire Resistance,You have resistance to fire damage while wearing this garnet ring.,ring,1,5000,1,,0,0,,,,0,Arcane,#8800cc,49,Blue Magic Stone,https://tdodj-user-content-dev.s3.amazonaws.com/users/93074651-53ce-4b23-8031-2d6bd0d279da/images/1776520054135-ee263bff-blue-magic-stone.jpg,Item-Gem,true,true,,,,,,,false,false,,2026-05-20 11:48:36.945688-05,2026-05-21 17:41:48.684299-05
431,93074651-53ce-4b23-8031-2d6bd0d279da,DMMaster,Ring of Force Resistance,You have resistance to force damage while wearing this sapphire ring.,ring,1,5000,1,,0,0,,,,0,Arcane,#8800cc,49,Blue Magic Stone,https://tdodj-user-content-dev.s3.amazonaws.com/users/93074651-53ce-4b23-8031-2d6bd0d279da/images/1776520054135-ee263bff-blue-magic-stone.jpg,Item-Gem,true,true,,,,,,,false,false,,2026-05-20 11:48:37.027666-05,2026-05-21 17:41:48.684978-05
423,93074651-53ce-4b23-8031-2d6bd0d279da,DMMaster,Ring of Free Action,"While you wear this ring, difficult terrain doesn't cost you extra movement. In addition, magic can neither reduce your speed nor cause you to be paralyzed or restrained.",ring,1,5000,1,,0,0,,,,0,Arcane,#8800cc,72,Blue gem stonr,https://tdodj-user-content-dev.s3.amazonaws.com/users/93074651-53ce-4b23-8031-2d6bd0d279da/images/1778123738823-bb5e0c69-blue-gem-stonr.png,Item-Gem,true,true,,,,,,,false,false,,2026-05-20 11:48:36.19429-05,2026-05-21 17:41:48.680376-05
424,93074651-53ce-4b23-8031-2d6bd0d279da,DMMaster,Ring of Invisibility,"While wearing this ring, you can turn invisible as an action. Anything you are wearing or carrying is invisible with you. You remain invisible until the ring is removed, until you attack or cast a spell, or until you use a bonus action to become visible again.",ring,1,100000,1,,0,0,,,,0,Arcane,#8800cc,49,Blue Magic Stone,https://tdodj-user-content-dev.s3.amazonaws.com/users/93074651-53ce-4b23-8031-2d6bd0d279da/images/1776520054135-ee263bff-blue-magic-stone.jpg,Item-Gem,true,true,,,,,,,false,false,,2026-05-20 11:48:36.276242-05,2026-05-21 17:41:48.680785-05
425,93074651-53ce-4b23-8031-2d6bd0d279da,DMMaster,Ring of Jumping,"While wearing this ring, you can cast the jump spell from it as a bonus action at will, but can target only yourself when you do so.",ring,1,500,1,,0,0,,,,0,Arcane,#8800cc,49,Blue Magic Stone,https://tdodj-user-content-dev.s3.amazonaws.com/users/93074651-53ce-4b23-8031-2d6bd0d279da/images/1776520054135-ee263bff-blue-magic-stone.jpg,Item-Gem,true,true,,,,,,,false,false,,2026-05-20 11:48:36.35722-05,2026-05-21 17:41:48.681102-05
432,93074651-53ce-4b23-8031-2d6bd0d279da,DMMaster,Ring of Lightning Resistance,You have resistance to lightning damage while wearing this citrine ring.,ring,1,5000,1,,0,0,,,,0,Arcane,#8800cc,49,Blue Magic Stone,https://tdodj-user-content-dev.s3.amazonaws.com/users/93074651-53ce-4b23-8031-2d6bd0d279da/images/1776520054135-ee263bff-blue-magic-stone.jpg,Item-Gem,true,true,,,,,,,false,false,,2026-05-20 11:48:37.109675-05,2026-05-21 17:41:48.685616-05
426,93074651-53ce-4b23-8031-2d6bd0d279da,DMMaster,Ring of Mind Shielding,"While wearing this ring, you are immune to magic that allows other creatures to read your thoughts, determine whether you are lying, know your alignment, or know your creature type. Creatures can telepathically communicate with you only if you allow it.",ring,1,500,1,,0,0,,,,0,Arcane,#8800cc,18,Shield,https://tdodj-user-content-dev.s3.amazonaws.com/users/93074651-53ce-4b23-8031-2d6bd0d279da/images/1775749744062-3957c9cd-shield-one.jpg,Item-Armor,true,true,,,,,,,false,false,,2026-05-20 11:48:36.440769-05,2026-05-21 17:41:48.681633-05
433,93074651-53ce-4b23-8031-2d6bd0d279da,DMMaster,Ring of Necrotic Resistance,You have resistance to necrotic damage while wearing this jet ring.,ring,1,5000,1,,0,0,,,,0,Arcane,#8800cc,49,Blue Magic Stone,https://tdodj-user-content-dev.s3.amazonaws.com/users/93074651-53ce-4b23-8031-2d6bd0d279da/images/1776520054135-ee263bff-blue-magic-stone.jpg,Item-Gem,true,true,,,,,,,false,false,,2026-05-20 11:48:37.192007-05,2026-05-21 17:41:48.686146-05
434,93074651-53ce-4b23-8031-2d6bd0d279da,DMMaster,Ring of Poison Resistance,You have resistance to poison damage while wearing this amethyst ring.,ring,1,5000,1,,0,0,,,,0,Arcane,#8800cc,72,Blue gem stonr,https://tdodj-user-content-dev.s3.amazonaws.com/users/93074651-53ce-4b23-8031-2d6bd0d279da/images/1778123738823-bb5e0c69-blue-gem-stonr.png,Item-Gem,true,true,,,,,,,false,false,,2026-05-20 11:48:37.276224-05,2026-05-21 17:41:48.686617-05
24,93074651-53ce-4b23-8031-2d6bd0d279da,DMMaster,Ring of Protection,A silver band that deflects minor blows.,ring,0,30,0,,1,0,,Defense,,0,Blood,#cc0000,49,Blue Magic Stone,https://tdodj-user-content-dev.s3.amazonaws.com/users/93074651-53ce-4b23-8031-2d6bd0d279da/images/1776520054135-ee263bff-blue-magic-stone.jpg,Item-Gem,true,true,,,,,,,true,false,,2026-04-26 16:03:07.994877-05,2026-04-26 16:03:07.994877-05
435,93074651-53ce-4b23-8031-2d6bd0d279da,DMMaster,Ring of Psychic Resistance,You have resistance to psychic damage while wearing this jade ring.,ring,1,5000,1,,0,0,,,,0,Arcane,#8800cc,49,Blue Magic Stone,https://tdodj-user-content-dev.s3.amazonaws.com/users/93074651-53ce-4b23-8031-2d6bd0d279da/images/1776520054135-ee263bff-blue-magic-stone.jpg,Item-Gem,true,true,,,,,,,false,false,,2026-05-20 11:48:37.363732-05,2026-05-21 17:41:48.687093-05
436,93074651-53ce-4b23-8031-2d6bd0d279da,DMMaster,Ring of Radiant Resistance,You have resistance to radiant damage while wearing this topaz ring.,ring,1,5000,1,,0,0,,,,0,Arcane,#8800cc,72,Blue gem stonr,https://tdodj-user-content-dev.s3.amazonaws.com/users/93074651-53ce-4b23-8031-2d6bd0d279da/images/1778123738823-bb5e0c69-blue-gem-stonr.png,Item-Gem,true,true,,,,,,,false,false,,2026-05-20 11:48:37.452505-05,2026-05-21 17:41:48.687611-05
427,93074651-53ce-4b23-8031-2d6bd0d279da,DMMaster,Ring of Regeneration,"While wearing this ring, you regain 1d6 hit points every 10 minutes, provided that you have at least 1 hit point. If you lose a body part, the ring causes the missing part to regrow and return to full functionality after 1d6 + 1 days if you have at least 1 hit point the whole time.",ring,1,50000,1,,0,0,,,,0,Arcane,#8800cc,72,Blue gem stonr,https://tdodj-user-content-dev.s3.amazonaws.com/users/93074651-53ce-4b23-8031-2d6bd0d279da/images/1778123738823-bb5e0c69-blue-gem-stonr.png,Item-Gem,true,true,,,,,,,false,false,,2026-05-20 11:48:36.607496-05,2026-05-21 17:41:48.682262-05
438,93074651-53ce-4b23-8031-2d6bd0d279da,DMMaster,Ring of Shooting Stars,"While wearing this ring in dim light or darkness, you can cast dancing lights and light from the ring at will. Casting either spell from the ring requires an action.",ring,1,50000,1,,0,0,,,,0,Arcane,#8800cc,72,Blue gem stonr,https://tdodj-user-content-dev.s3.amazonaws.com/users/93074651-53ce-4b23-8031-2d6bd0d279da/images/1778123738823-bb5e0c69-blue-gem-stonr.png,Item-Gem,true,true,,,,,,,false,false,,2026-05-20 11:48:37.630152-05,2026-05-21 17:41:48.688509-05
439,93074651-53ce-4b23-8031-2d6bd0d279da,DMMaster,Ring of Spell Storing,"This ring stores spells cast into it, holding them until the attuned wearer uses them. The ring can store up to 5 levels worth of spells at a time. When found, it contains 1d6 - 1 levels of stored spells chosen by the GM.",ring,1,5000,1,,0,0,,,,0,Arcane,#8800cc,49,Blue Magic Stone,https://tdodj-user-content-dev.s3.amazonaws.com/users/93074651-53ce-4b23-8031-2d6bd0d279da/images/1776520054135-ee263bff-blue-magic-stone.jpg,Item-Gem,true,true,,,,,,,false,false,,2026-05-20 11:48:37.723493-05,2026-05-21 17:41:48.688943-05
440,93074651-53ce-4b23-8031-2d6bd0d279da,DMMaster,Ring of Spell Turning,"While wearing this ring, you have advantage on saving throws against any spell that targets only you (not in an area of effect). In addition, if you roll a 20 for the save and the spell is 7th level or lower, the spell has no effect on you and instead targets the caster, using the slot level, spell save DC, attack bonus, and spellcasting ability of the caster.",ring,1,100000,1,,0,0,,,,0,Arcane,#8800cc,49,Blue Magic Stone,https://tdodj-user-content-dev.s3.amazonaws.com/users/93074651-53ce-4b23-8031-2d6bd0d279da/images/1776520054135-ee263bff-blue-magic-stone.jpg,Item-Gem,true,true,,,,,,,false,false,,2026-05-20 11:48:37.889423-05,2026-05-21 17:41:48.68941-05
441,93074651-53ce-4b23-8031-2d6bd0d279da,DMMaster,Ring of Swimming,You have a swimming speed of 40 feet while wearing this ring.,ring,1,500,1,,0,0,,,,0,Arcane,#8800cc,49,Blue Magic Stone,https://tdodj-user-content-dev.s3.amazonaws.com/users/93074651-53ce-4b23-8031-2d6bd0d279da/images/1776520054135-ee263bff-blue-magic-stone.jpg,Item-Gem,true,true,,,,,,,false,false,,2026-05-20 11:48:38.046727-05,2026-05-21 17:41:48.689959-05
442,93074651-53ce-4b23-8031-2d6bd0d279da,DMMaster,Ring of Telekinesis,"While wearing this ring, you can cast the telekinesis spell at will, but you can target only objects that aren't being worn or carried.",ring,1,50000,1,,0,0,,,,0,Arcane,#8800cc,72,Blue gem stonr,https://tdodj-user-content-dev.s3.amazonaws.com/users/93074651-53ce-4b23-8031-2d6bd0d279da/images/1778123738823-bb5e0c69-blue-gem-stonr.png,Item-Gem,true,true,,,,,,,false,false,,2026-05-20 11:48:38.130506-05,2026-05-21 17:41:48.690736-05
443,93074651-53ce-4b23-8031-2d6bd0d279da,DMMaster,Ring of the Ram,"This ring has 3 charges, and it regains 1d3 expended charges daily at dawn. While wearing the ring, you can use an action to expend 1 to 3 of its charges to attack one creature you can see within 60 feet of you. The ring produces a spectral ram's head and makes its attack roll with a +7 bonus. On a hit, for each charge you spend, the target takes 2d10 force damage and is pushed 5 feet away from you.",ring,1,5000,1,,0,0,,,,0,Arcane,#8800cc,72,Blue gem stonr,https://tdodj-user-content-dev.s3.amazonaws.com/users/93074651-53ce-4b23-8031-2d6bd0d279da/images/1778123738823-bb5e0c69-blue-gem-stonr.png,Item-Gem,true,true,,,,,,,false,false,,2026-05-20 11:48:38.211957-05,2026-05-21 17:41:48.691343-05
444,93074651-53ce-4b23-8031-2d6bd0d279da,DMMaster,Ring of Three Wishes,"While wearing this ring, you can use an action to expend 1 of its 3 charges to cast the wish spell from it. The ring becomes nonmagical when you use the last charge.",ring,1,100000,1,,0,0,,,,0,Arcane,#8800cc,49,Blue Magic Stone,https://tdodj-user-content-dev.s3.amazonaws.com/users/93074651-53ce-4b23-8031-2d6bd0d279da/images/1776520054135-ee263bff-blue-magic-stone.jpg,Item-Gem,true,true,,,,,,,false,false,,2026-05-20 11:48:38.288401-05,2026-05-21 17:41:48.691878-05
437,93074651-53ce-4b23-8031-2d6bd0d279da,DMMaster,Ring of Thunder Resistance,You have resistance to thunder damage while wearing this spinel ring.,ring,1,5000,1,,0,0,,,,0,Arcane,#8800cc,72,Blue gem stonr,https://tdodj-user-content-dev.s3.amazonaws.com/users/93074651-53ce-4b23-8031-2d6bd0d279da/images/1778123738823-bb5e0c69-blue-gem-stonr.png,Item-Gem,true,true,,,,,,,false,false,,2026-05-20 11:48:37.53646-05,2026-05-21 17:41:48.688063-05
25,93074651-53ce-4b23-8031-2d6bd0d279da,DMMaster,Ring of Vigor,Enhances the wearer's physical stamina.,ring,0,25,0,,2,0,,Stamina,,0,Blood,#cc0000,49,Blue Magic Stone,https://tdodj-user-content-dev.s3.amazonaws.com/users/93074651-53ce-4b23-8031-2d6bd0d279da/images/1776520054135-ee263bff-blue-magic-stone.jpg,Item-Gem,true,true,,,,,,,true,false,,2026-04-26 16:03:07.994877-05,2026-04-26 16:03:07.994877-05
445,93074651-53ce-4b23-8031-2d6bd0d279da,DMMaster,Ring of Warmth,"While wearing this ring, you have resistance to cold damage. In addition, you and everything you wear and carry are unharmed by temperatures as low as -50 degrees Fahrenheit.",ring,1,500,1,,0,0,,,,0,Arcane,#8800cc,72,Blue gem stonr,https://tdodj-user-content-dev.s3.amazonaws.com/users/93074651-53ce-4b23-8031-2d6bd0d279da/images/1778123738823-bb5e0c69-blue-gem-stonr.png,Item-Gem,true,true,,,,,,,false,false,,2026-05-20 11:48:38.366165-05,2026-05-21 17:41:48.692398-05
420,93074651-53ce-4b23-8031-2d6bd0d279da,DMMaster,Ring of Water Elemental Command,This ring is linked to the Elemental Plane of Water.,ring,1,100000,1,,0,0,,,,0,Arcane,#8800cc,72,Blue gem stonr,https://tdodj-user-content-dev.s3.amazonaws.com/users/93074651-53ce-4b23-8031-2d6bd0d279da/images/1778123738823-bb5e0c69-blue-gem-stonr.png,Item-Gem,true,true,,,,,,,false,false,,2026-05-20 11:48:35.937287-05,2026-05-21 17:41:48.679064-05
446,93074651-53ce-4b23-8031-2d6bd0d279da,DMMaster,Ring of Water Walking,"While wearing this ring, you can stand on and move across any liquid surface as if it were solid ground.",ring,1,500,1,,0,0,,,,0,Arcane,#8800cc,72,Blue gem stonr,https://tdodj-user-content-dev.s3.amazonaws.com/users/93074651-53ce-4b23-8031-2d6bd0d279da/images/1778123738823-bb5e0c69-blue-gem-stonr.png,Item-Gem,true,true,,,,,,,false,false,,2026-05-20 11:48:38.447689-05,2026-05-21 17:41:48.692905-05
447,93074651-53ce-4b23-8031-2d6bd0d279da,DMMaster,Ring of X-ray Vision,"While wearing this ring, you can use an action to speak its command word. When you do so, you can see into and through solid matter for 1 minute. This vision has a radius of 30 feet. To you, solid objects within that radius appear transparent and don't prevent light from passing through them. The vision can penetrate 1 foot of stone, 1 inch of common metal, or up to 3 feet of wood or dirt. Thicker substances block the vision, as does a thin sheet of lead.",ring,1,5000,1,,0,0,,,,0,Arcane,#8800cc,49,Blue Magic Stone,https://tdodj-user-content-dev.s3.amazonaws.com/users/93074651-53ce-4b23-8031-2d6bd0d279da/images/1776520054135-ee263bff-blue-magic-stone.jpg,Item-Gem,true,true,,,,,,,false,false,,2026-05-20 11:48:38.538941-05,2026-05-21 17:41:48.69364-05
448,93074651-53ce-4b23-8031-2d6bd0d279da,DMMaster,Robe of Eyes,"This robe is adorned with eyelike patterns. While you wear the robe, you gain the following benefits:",other,1,5000,1,,0,0,Body,,,0,Arcane,#8800cc,906,item-448-robe-of-eyes.webp,https://tdodj-user-content-dev.s3.amazonaws.com/users/93074651-53ce-4b23-8031-2d6bd0d279da/images/item-448-robe-of-eyes.webp,Item-Other,true,true,,,,,,,false,false,,2026-05-20 11:48:38.933256-05,2026-05-20 11:48:38.933256-05
449,93074651-53ce-4b23-8031-2d6bd0d279da,DMMaster,Robe of Scintillating Colors,"This robe has 3 charges, and it regains 1d3 expended charges daily at dawn. While you wear it, you can use an action and expend 1 charge to cause the garment to display a shifting pattern of dazzling hues until the end of your next turn. During this time, the robe sheds bright light in a 30-foot radius and dim light for an additional 30 feet. Creatures that can see you have disadvantage on attack rolls against you. In addition, any creature in the bright light that can see you when the robe's po",other,1,50000,1,,0,0,Body,,,0,Arcane,#8800cc,907,item-449-robe-of-scintillating-colors.webp,https://tdodj-user-content-dev.s3.amazonaws.com/users/93074651-53ce-4b23-8031-2d6bd0d279da/images/item-449-robe-of-scintillating-colors.webp,Item-Other,true,true,,,,,,,false,false,,2026-05-20 11:48:39.013952-05,2026-05-20 11:48:39.013952-05
450,93074651-53ce-4b23-8031-2d6bd0d279da,DMMaster,Robe of Stars,This black or dark blue robe is embroidered with small white or silver stars. You gain a +1 bonus to saving throws while you wear it.,other,1,50000,1,,0,0,Body,,,0,Arcane,#8800cc,908,item-450-robe-of-stars.webp,https://tdodj-user-content-dev.s3.amazonaws.com/users/93074651-53ce-4b23-8031-2d6bd0d279da/images/item-450-robe-of-stars.webp,Item-Other,true,true,,,,,,,false,false,,2026-05-20 11:48:39.095967-05,2026-05-20 11:48:39.095967-05
451,93074651-53ce-4b23-8031-2d6bd0d279da,DMMaster,Robe of the Archmagi,"This elegant garment is made from exquisite cloth of white, gray, or black and adorned with silvery runes. The robe's color corresponds to the alignment for which the item was created. A white robe was made for good, gray for neutral, and black for evil. You can't attune to a robe of the archmagi that doesn't correspond to your alignment.",other,1,100000,1,,0,0,Body,,,0,Arcane,#8800cc,909,item-451-robe-of-the-archmagi.webp,https://tdodj-user-content-dev.s3.amazonaws.com/users/93074651-53ce-4b23-8031-2d6bd0d279da/images/item-451-robe-of-the-archmagi.webp,Item-Other,true,true,,,,,,,false,false,,2026-05-20 11:48:39.1951-05,2026-05-20 11:48:39.1951-05
452,93074651-53ce-4b23-8031-2d6bd0d279da,DMMaster,Robe of Useful Items,"This robe has cloth patches of various shapes and colors covering it. While wearing the robe, you can use an action to detach one of the patches, causing it to become the object or creature it represents. Once the last patch is removed, the robe becomes an ordinary garment.",other,1,500,1,,0,0,Body,,,0,Arcane,#8800cc,910,item-452-robe-of-useful-items.webp,https://tdodj-user-content-dev.s3.amazonaws.com/users/93074651-53ce-4b23-8031-2d6bd0d279da/images/item-452-robe-of-useful-items.webp,Item-Other,true,true,,,,,,,false,false,,2026-05-20 11:48:39.288051-05,2026-05-20 11:48:39.288051-05
170,93074651-53ce-4b23-8031-2d6bd0d279da,DMMaster,Robes,Adventuring Gear.,other,1,1,4,,0,0,,,,0,Blood,#cc0000,778,item-170-robes.webp,https://tdodj-user-content-dev.s3.amazonaws.com/users/93074651-53ce-4b23-8031-2d6bd0d279da/images/item-170-robes.webp,Item-Other,true,true,,,,,,,false,false,,2026-05-20 11:04:30.562622-05,2026-05-20 11:04:30.562622-05
171,93074651-53ce-4b23-8031-2d6bd0d279da,DMMaster,Rod,"An arcane focus is a special item--an orb, a crystal, a rod, a specially constructed staff, a wand-like length of wood, or some similar item--designed to channel the power of arcane spells. A sorcerer, warlock, or wizard can use such an item as a spellcasting focus.",other,1,10,2,,0,0,,,,0,Blood,#cc0000,32,Magic Wand,https://tdodj-user-content-dev.s3.amazonaws.com/users/93074651-53ce-4b23-8031-2d6bd0d279da/images/1776207714496-2c85e02c-magic-wand.png,Item-Weapon,true,true,,,,,,,false,false,,2026-05-20 11:04:30.653548-05,2026-05-21 17:41:48.6208-05
453,93074651-53ce-4b23-8031-2d6bd0d279da,DMMaster,Rod of Absorption,"While holding this rod, you can use your reaction to absorb a spell that is targeting only you and not with an area of effect. The absorbed spell's effect is canceled, and the spell's energy-not the spell itself-is stored in the rod. The energy has the same level as the spell when it was cast. The rod can absorb and store up to 50 levels of energy over the course of its existence. Once the rod absorbs 50 levels of energy, it can't absorb more. If you are targeted by a spell that the rod can't st",other,6,50000,1,,0,0,,,,0,Arcane,#8800cc,32,Magic Wand,https://tdodj-user-content-dev.s3.amazonaws.com/users/93074651-53ce-4b23-8031-2d6bd0d279da/images/1776207714496-2c85e02c-magic-wand.png,Item-Weapon,true,true,,,,,,,false,false,,2026-05-20 11:48:39.375887-05,2026-05-21 17:41:48.694368-05
454,93074651-53ce-4b23-8031-2d6bd0d279da,DMMaster,Rod of Alertness,This rod has a flanged head and the following properties.,other,6,50000,1,,1,0,,AC,,0,Arcane,#8800cc,19,Staff,https://tdodj-user-content-dev.s3.amazonaws.com/users/93074651-53ce-4b23-8031-2d6bd0d279da/images/1775862637831-4a8c9ee5-staff.jpg,Item-Weapon,true,true,,,,,,,false,false,,2026-05-20 11:48:39.453579-05,2026-05-21 17:41:48.694934-05
455,93074651-53ce-4b23-8031-2d6bd0d279da,DMMaster,Rod of Lordly Might,"This rod has a flanged head, and it functions as a magic mace that grants a +3 bonus to attack and damage rolls made with it. The rod has properties associated with six different buttons that are set in a row along the haft. It has three other properties as well, detailed below.",other,6,100000,1,,0,0,,,,0,Arcane,#8800cc,19,Staff,https://tdodj-user-content-dev.s3.amazonaws.com/users/93074651-53ce-4b23-8031-2d6bd0d279da/images/1775862637831-4a8c9ee5-staff.jpg,Item-Weapon,true,true,,,,,,,false,false,,2026-05-20 11:48:39.575356-05,2026-05-21 17:41:48.695426-05
456,93074651-53ce-4b23-8031-2d6bd0d279da,DMMaster,Rod of Rulership,"You can use an action to present the rod and command obedience from each creature of your choice that you can see within 120 feet of you. Each target must succeed on a DC 15 Wisdom saving throw or be charmed by you for 8 hours. While charmed in this way, the creature regards you as its trusted leader. If harmed by you or your companions, or commanded to do something contrary to its nature, a target ceases to be charmed in this way. The rod can't be used again until the next dawn.",other,6,5000,1,,0,0,,,,0,Arcane,#8800cc,32,Magic Wand,https://tdodj-user-content-dev.s3.amazonaws.com/users/93074651-53ce-4b23-8031-2d6bd0d279da/images/1776207714496-2c85e02c-magic-wand.png,Item-Weapon,true,true,,,,,,,false,false,,2026-05-20 11:48:39.65469-05,2026-05-21 17:41:48.695987-05
457,93074651-53ce-4b23-8031-2d6bd0d279da,DMMaster,Rod of Security,"While holding this rod, you can use an action to activate it. The rod then instantly transports you and up to 199 other willing creatures you can see to a paradise that exists in an extraplanar space. You choose the form that the paradise takes. It could be a tranquil garden, lovely glade, cheery tavern, immense palace, tropical island, fantastic carnival, or whatever else you can imagine. Regardless of its nature, the paradise contains enough water and food to sustain its visitors. Everything e",other,6,50000,1,,0,0,,,,0,Arcane,#8800cc,32,Magic Wand,https://tdodj-user-content-dev.s3.amazonaws.com/users/93074651-53ce-4b23-8031-2d6bd0d279da/images/1776207714496-2c85e02c-magic-wand.png,Item-Weapon,true,true,,,,,,,false,false,,2026-05-20 11:48:39.732703-05,2026-05-21 17:41:48.696435-05
29,93074651-53ce-4b23-8031-2d6bd0d279da,DMMaster,Rope (50 ft),A coil of sturdy hemp rope. Many uses in a dungeon.,other,0,3,2,,0,0,,,,0,Blood,#cc0000,695,item-29-rope-50-ft.webp,https://tdodj-user-content-dev.s3.amazonaws.com/users/93074651-53ce-4b23-8031-2d6bd0d279da/images/item-29-rope-50-ft.webp,Item-Other,true,true,,,,,,,true,false,,2026-04-26 16:03:07.994877-05,2026-04-26 16:03:07.994877-05
458,93074651-53ce-4b23-8031-2d6bd0d279da,DMMaster,Rope of Climbing,"This 60-foot length of silk rope weighs 3 pounds and can hold up to 3,000 pounds. If you hold one end of the rope and use an action to speak the command word, the rope animates. As a bonus action, you can command the other end to move toward a destination you choose. That end moves 10 feet on your turn when you first command it and 10 feet on each of your turns until reaching its destination, up to its maximum length away, or until you tell it to stop. You can also tell the rope to fasten itself",other,1,500,1,,0,0,,,,0,Arcane,#8800cc,911,item-458-rope-of-climbing.webp,https://tdodj-user-content-dev.s3.amazonaws.com/users/93074651-53ce-4b23-8031-2d6bd0d279da/images/item-458-rope-of-climbing.webp,Item-Other,true,true,,,,,,,false,false,,2026-05-20 11:48:39.812431-05,2026-05-20 11:48:39.812431-05
459,93074651-53ce-4b23-8031-2d6bd0d279da,DMMaster,Rope of Entanglement,"This rope is 30 feet long and weighs 3 pounds. If you hold one end of the rope and use an action to speak its command word, the other end darts forward to entangle a creature you can see within 20 feet of you. The target must succeed on a DC 15 Dexterity saving throw or become restrained.",other,1,5000,1,,0,0,,,,0,Arcane,#8800cc,912,item-459-rope-of-entanglement.webp,https://tdodj-user-content-dev.s3.amazonaws.com/users/93074651-53ce-4b23-8031-2d6bd0d279da/images/item-459-rope-of-entanglement.webp,Item-Other,true,true,,,,,,,false,false,,2026-05-20 11:48:39.892588-05,2026-05-20 11:48:39.892588-05
172,93074651-53ce-4b23-8031-2d6bd0d279da,DMMaster,"Rope, hempen (50 feet)","Rope, whether made of hemp or silk, has 2 hit points and can be burst with a DC 17 Strength check.",other,1,1,10,,0,0,,,,0,Blood,#cc0000,779,item-172-rope-hempen-50-feet.webp,https://tdodj-user-content-dev.s3.amazonaws.com/users/93074651-53ce-4b23-8031-2d6bd0d279da/images/item-172-rope-hempen-50-feet.webp,Item-Other,true,true,,,,,,,false,false,,2026-05-20 11:04:30.737609-05,2026-05-20 11:04:30.737609-05
173,93074651-53ce-4b23-8031-2d6bd0d279da,DMMaster,"Rope, silk (50 feet)","Rope, whether made of hemp or silk, has 2 hit points and can be burst with a DC 17 Strength check.",other,1,10,5,,0,0,,,,0,Blood,#cc0000,780,item-173-rope-silk-50-feet.webp,https://tdodj-user-content-dev.s3.amazonaws.com/users/93074651-53ce-4b23-8031-2d6bd0d279da/images/item-173-rope-silk-50-feet.webp,Item-Other,true,true,,,,,,,false,false,,2026-05-20 11:04:30.827574-05,2026-05-20 11:04:30.827574-05
27,93074651-53ce-4b23-8031-2d6bd0d279da,DMMaster,Ruby,A precious red gemstone. Worth a good deal of gold.,gem,0,50,0,,0,0,,,,0,Blood,#cc0000,72,Blue gem stonr,https://tdodj-user-content-dev.s3.amazonaws.com/users/93074651-53ce-4b23-8031-2d6bd0d279da/images/1778123738823-bb5e0c69-blue-gem-stonr.png,Item-Gem,true,true,,,,,,,true,false,,2026-04-26 16:03:07.994877-05,2026-05-21 17:41:48.562166-05
245,93074651-53ce-4b23-8031-2d6bd0d279da,DMMaster,Rust Bag of Tricks,"This ordinary bag, made from rust cloth, appears empty. Reaching inside the bag, however, reveals the presence of a small, fuzzy object. The bag weighs 1/2 pound.",other,1,500,1,,0,0,,,,0,Arcane,#8800cc,811,item-245-rust-bag-of-tricks.webp,https://tdodj-user-content-dev.s3.amazonaws.com/users/93074651-53ce-4b23-8031-2d6bd0d279da/images/item-245-rust-bag-of-tricks.webp,Item-Other,true,true,,,,,,,false,false,,2026-05-20 11:48:12.014303-05,2026-05-20 11:48:12.014303-05
222,93074651-53ce-4b23-8031-2d6bd0d279da,DMMaster,Sack,Adventuring Gear.,other,1,1,1,,0,0,,,,0,Blood,#cc0000,802,item-222-sack.webp,https://tdodj-user-content-dev.s3.amazonaws.com/users/93074651-53ce-4b23-8031-2d6bd0d279da/images/item-222-sack.webp,Item-Other,true,true,,,,,,,false,false,,2026-05-20 11:07:35.160201-05,2026-05-20 11:07:35.160201-05
174,93074651-53ce-4b23-8031-2d6bd0d279da,DMMaster,Scale Mail,Medium armor. AC 14. Imposes disadvantage on Stealth checks.,armor,1,50,45,,14,0,Body,AC,,0,Blood,#cc0000,37,Leather Armor,https://tdodj-user-content-dev.s3.amazonaws.com/users/93074651-53ce-4b23-8031-2d6bd0d279da/images/1776738578503-c579e826-leatherbrestplate.jpg,Item-Armor,true,true,,,,,,,false,false,,2026-05-20 11:04:31.664527-05,2026-05-21 17:41:48.621301-05
175,93074651-53ce-4b23-8031-2d6bd0d279da,DMMaster,"Scale, merchant's","A scale includes a small balance, pans, and a suitable assortment of weights up to 2 pounds. With it, you can measure the exact weight of small objects, such as raw precious metals or trade goods, to help determine their worth.",other,1,5,3,,0,0,,,,0,Blood,#cc0000,781,item-175-scale-merchant-s.webp,https://tdodj-user-content-dev.s3.amazonaws.com/users/93074651-53ce-4b23-8031-2d6bd0d279da/images/item-175-scale-merchant-s.webp,Item-Other,true,true,,,,,,,false,false,,2026-05-20 11:04:31.764365-05,2026-05-20 11:04:31.764365-05
460,93074651-53ce-4b23-8031-2d6bd0d279da,DMMaster,Scarab of Protection,"If you hold this beetle-shaped medallion in your hand for 1 round, an inscription appears on its surface revealing its magical nature. It provides two benefits while it is on your person:",other,1,100000,1,,0,0,,,,0,Arcane,#8800cc,913,item-460-scarab-of-protection.webp,https://tdodj-user-content-dev.s3.amazonaws.com/users/93074651-53ce-4b23-8031-2d6bd0d279da/images/item-460-scarab-of-protection.webp,Item-Other,true,true,,,,,,,false,false,,2026-05-20 11:48:39.973997-05,2026-05-20 11:48:39.973997-05
176,93074651-53ce-4b23-8031-2d6bd0d279da,DMMaster,Scholar's Pack,Adventuring Gear.,other,1,40,0,,0,0,,,,0,Blood,#cc0000,782,item-176-scholar-s-pack.webp,https://tdodj-user-content-dev.s3.amazonaws.com/users/93074651-53ce-4b23-8031-2d6bd0d279da/images/item-176-scholar-s-pack.webp,Item-Other,true,true,,,,,,,false,false,,2026-05-20 11:04:31.849765-05,2026-05-20 11:04:31.849765-05
177,93074651-53ce-4b23-8031-2d6bd0d279da,DMMaster,Scimitar,Martial Melee. Deals 1d6 Slashing damage.,weapon,1,25,3,,0,6,,,,0,Blood,#cc0000,34,Rapier,https://tdodj-user-content-dev.s3.amazonaws.com/users/93074651-53ce-4b23-8031-2d6bd0d279da/images/1776207963723-d6e31d72-rapier2.png,Item-Weapon,true,true,,,,,,,false,false,,2026-05-20 11:04:31.950948-05,2026-05-21 17:41:48.621737-05
461,93074651-53ce-4b23-8031-2d6bd0d279da,DMMaster,Scimitar of Speed,"You gain a +2 bonus to attack and damage rolls made with this magic weapon. In addition, you can make one attack with it as a bonus action on each of your turns.",weapon,1,50000,1,,0,4,,,,0,Arcane,#8800cc,34,Rapier,https://tdodj-user-content-dev.s3.amazonaws.com/users/93074651-53ce-4b23-8031-2d6bd0d279da/images/1776207963723-d6e31d72-rapier2.png,Item-Weapon,true,true,,,,,,,false,false,,2026-05-20 11:48:40.053663-05,2026-05-21 17:41:48.696894-05
178,93074651-53ce-4b23-8031-2d6bd0d279da,DMMaster,Sealing wax,Adventuring Gear.,other,1,1,0,,0,0,,,,0,Blood,#cc0000,783,item-178-sealing-wax.webp,https://tdodj-user-content-dev.s3.amazonaws.com/users/93074651-53ce-4b23-8031-2d6bd0d279da/images/item-178-sealing-wax.webp,Item-Other,true,true,,,,,,,false,false,,2026-05-20 11:04:32.03335-05,2026-05-20 11:04:32.03335-05
335,93074651-53ce-4b23-8031-2d6bd0d279da,DMMaster,Serpentine Owl Figurine of Wondrous Power,"A figurine of wondrous power is a statuette of a beast small enough to fit in a pocket. If you use an action to speak the command word and throw the figurine to a point on the ground within 60 feet of you, the figurine becomes a living creature. If the space where the creature would appear is occupied by other creatures or objects, or if there isn't enough space for the creature, the figurine doesn't become a creature.",other,1,5000,1,,0,0,,,,0,Arcane,#8800cc,869,item-335-serpentine-owl-figurine-of-wondrous-power.webp,https://tdodj-user-content-dev.s3.amazonaws.com/users/93074651-53ce-4b23-8031-2d6bd0d279da/images/item-335-serpentine-owl-figurine-of-wondrous-power.webp,Item-Other,true,true,,,,,,,false,false,,2026-05-20 11:48:22.814134-05,2026-05-20 11:48:22.814134-05
179,93074651-53ce-4b23-8031-2d6bd0d279da,DMMaster,Shawm,"Several of the most common types of musical instruments are shown on the table as examples. If you have proficiency with a given musical instrument, you can add your proficiency bonus to any ability checks you make to play music with the instrument. A bard can use a musical instrument as a spellcasting focus. Each type of musical instrument requires a separate proficiency.",other,1,2,1,,0,0,,,,0,Blood,#cc0000,784,item-179-shawm.webp,https://tdodj-user-content-dev.s3.amazonaws.com/users/93074651-53ce-4b23-8031-2d6bd0d279da/images/item-179-shawm.webp,Item-Other,true,true,,,,,,,false,false,,2026-05-20 11:04:32.136279-05,2026-05-20 11:04:32.136279-05
21,93074651-53ce-4b23-8031-2d6bd0d279da,DMMaster,Shield,A sturdy buckler. Deflects blows and bolsters your defense.,armor,0,8,5,,2,0,offhand,AC,,0,Blood,#cc0000,18,Shield,https://tdodj-user-content-dev.s3.amazonaws.com/users/93074651-53ce-4b23-8031-2d6bd0d279da/images/1775749744062-3957c9cd-shield-one.jpg,Item-Armor,true,true,,,,,,,true,false,,2026-04-26 16:03:07.994877-05,2026-04-26 16:03:07.994877-05
462,93074651-53ce-4b23-8031-2d6bd0d279da,DMMaster,Shield of Missile Attraction,"While holding this shield, you have resistance to damage from ranged weapon attacks.",armor,1,5000,1,,2,0,,AC,,0,Arcane,#8800cc,18,Shield,https://tdodj-user-content-dev.s3.amazonaws.com/users/93074651-53ce-4b23-8031-2d6bd0d279da/images/1775749744062-3957c9cd-shield-one.jpg,Item-Armor,true,true,,,,,,,false,false,,2026-05-20 11:48:40.146393-05,2026-05-21 17:41:48.697475-05
17,93074651-53ce-4b23-8031-2d6bd0d279da,DMMaster,Short Bow,A lighter bow suited for mobile archers.,weapon,0,10,2,,0,6,,,,0,Blood,#cc0000,24,Short Bow,https://tdodj-user-content-dev.s3.amazonaws.com/users/93074651-53ce-4b23-8031-2d6bd0d279da/images/1776207119573-bfb9a32d-shortbow.png,Item-Weapon,true,true,,,,,,,true,false,,2026-04-26 16:03:07.994877-05,2026-04-26 16:03:07.994877-05
1,93074651-53ce-4b23-8031-2d6bd0d279da,DMMaster,Short Sword,A light one-handed blade favored by scouts.,weapon,1,8,3,,0,6,,,,0,Blood,#cc0000,17,Short Sword,https://tdodj-user-content-dev.s3.amazonaws.com/users/93074651-53ce-4b23-8031-2d6bd0d279da/images/1775330751059-0beec60d-small-sward.jpg,Item-Weapon,true,true,,,,,,,true,false,,2026-04-26 16:03:07.994877-05,2026-04-26 16:03:07.994877-05
180,93074651-53ce-4b23-8031-2d6bd0d279da,DMMaster,Shortbow,Simple Ranged. Deals 1d6 Piercing damage.,weapon,16,25,2,,0,6,,,,0,Blood,#cc0000,24,Short Bow,https://tdodj-user-content-dev.s3.amazonaws.com/users/93074651-53ce-4b23-8031-2d6bd0d279da/images/1776207119573-bfb9a32d-shortbow.png,Item-Weapon,true,true,,,,,,,false,true,,2026-05-20 11:04:32.31252-05,2026-05-21 17:41:48.622142-05
181,93074651-53ce-4b23-8031-2d6bd0d279da,DMMaster,Shortsword,Martial Melee. Deals 1d6 Piercing damage.,weapon,1,10,2,,0,6,,,,0,Blood,#cc0000,17,Short Sword,https://tdodj-user-content-dev.s3.amazonaws.com/users/93074651-53ce-4b23-8031-2d6bd0d279da/images/1775330751059-0beec60d-small-sward.jpg,Item-Weapon,true,true,,,,,,,false,false,,2026-05-20 11:04:32.391624-05,2026-05-21 17:41:48.622526-05
182,93074651-53ce-4b23-8031-2d6bd0d279da,DMMaster,Shovel,Adventuring Gear.,other,1,2,5,,0,0,,,,0,Blood,#cc0000,785,item-182-shovel.webp,https://tdodj-user-content-dev.s3.amazonaws.com/users/93074651-53ce-4b23-8031-2d6bd0d279da/images/item-182-shovel.webp,Item-Other,true,true,,,,,,,false,false,,2026-05-20 11:04:32.473863-05,2026-05-20 11:04:32.473863-05
183,93074651-53ce-4b23-8031-2d6bd0d279da,DMMaster,Sickle,Simple Melee. Deals 1d4 Slashing damage.,weapon,1,1,2,,0,6,,,,0,Blood,#cc0000,29,Battle Axe,https://tdodj-user-content-dev.s3.amazonaws.com/users/93074651-53ce-4b23-8031-2d6bd0d279da/images/1776207507209-cbeb1e99-battle-axe1.jpg,Item-Weapon,true,true,,,,,,,false,false,,2026-05-20 11:04:32.566828-05,2026-05-21 17:41:48.622982-05
184,93074651-53ce-4b23-8031-2d6bd0d279da,DMMaster,Signal whistle,Adventuring Gear.,other,1,1,0,,0,0,,,,0,Blood,#cc0000,786,item-184-signal-whistle.webp,https://tdodj-user-content-dev.s3.amazonaws.com/users/93074651-53ce-4b23-8031-2d6bd0d279da/images/item-184-signal-whistle.webp,Item-Other,true,true,,,,,,,false,false,,2026-05-20 11:04:32.654563-05,2026-05-20 11:04:32.654563-05
185,93074651-53ce-4b23-8031-2d6bd0d279da,DMMaster,Signet ring,Adventuring Gear.,other,1,5,0,,0,0,,,,0,Blood,#cc0000,24,Short Bow,https://tdodj-user-content-dev.s3.amazonaws.com/users/93074651-53ce-4b23-8031-2d6bd0d279da/images/1776207119573-bfb9a32d-shortbow.png,Item-Weapon,true,true,,,,,,,false,false,,2026-05-20 11:04:32.736936-05,2026-05-21 17:41:48.623449-05
11,93074651-53ce-4b23-8031-2d6bd0d279da,DMMaster,Silver Dagger,A dagger forged in silver. Particularly potent against undead.,weapon,1,15,1,,0,6,,,,0,Blood,#cc0000,33,Silver Dagger,https://tdodj-user-content-dev.s3.amazonaws.com/users/93074651-53ce-4b23-8031-2d6bd0d279da/images/1776207756925-69c63bf0-silver-dagger.png,Item-Weapon,true,true,,,,,,,true,false,,2026-04-26 16:03:07.994877-05,2026-04-26 16:03:07.994877-05
303,93074651-53ce-4b23-8031-2d6bd0d279da,DMMaster,Silver Dragon Scale Mail,"Dragon scale mail is made of the scales of a silver dragon. Sometimes dragons collect their cast-off scales and gift them to humanoids. Other times, hunters carefully skin and preserve the hide of a dead dragon. In either case, dragon scale mail is highly valued.",armor,1,50000,1,,1,0,Body,AC,,0,Arcane,#8800cc,37,Leather Armor,https://tdodj-user-content-dev.s3.amazonaws.com/users/93074651-53ce-4b23-8031-2d6bd0d279da/images/1776738578503-c579e826-leatherbrestplate.jpg,Item-Armor,true,true,,,,,,,false,false,,2026-05-20 11:48:18.976371-05,2026-05-21 17:41:48.647769-05
361,93074651-53ce-4b23-8031-2d6bd0d279da,DMMaster,Silver Horn of Valhalla,"You can use an action to blow this horn. In response, 2d4 + 2 warrior spirits from the Valhalla appear within 60 feet of you. They use the statistics of a berserker. They return to Valhalla after 1 hour or when they drop to 0 hit points. Once you use the horn, it can't be used again until 7 days have passed.",other,1,5000,1,,0,0,,,,0,Arcane,#8800cc,886,item-361-silver-horn-of-valhalla.webp,https://tdodj-user-content-dev.s3.amazonaws.com/users/93074651-53ce-4b23-8031-2d6bd0d279da/images/item-361-silver-horn-of-valhalla.webp,Item-Other,true,true,,,,,,,false,false,,2026-05-20 11:48:25.728401-05,2026-05-20 11:48:25.728401-05
336,93074651-53ce-4b23-8031-2d6bd0d279da,DMMaster,Silver Raven Figurine of Wondrous Power,"A figurine of wondrous power is a statuette of a beast small enough to fit in a pocket. If you use an action to speak the command word and throw the figurine to a point on the ground within 60 feet of you, the figurine becomes a living creature. If the space where the creature would appear is occupied by other creatures or objects, or if there isn't enough space for the creature, the figurine doesn't become a creature.",other,1,500,1,,0,0,,,,0,Arcane,#8800cc,870,item-336-silver-raven-figurine-of-wondrous-power.webp,https://tdodj-user-content-dev.s3.amazonaws.com/users/93074651-53ce-4b23-8031-2d6bd0d279da/images/item-336-silver-raven-figurine-of-wondrous-power.webp,Item-Other,true,true,,,,,,,false,false,,2026-05-20 11:48:22.902619-05,2026-05-20 11:48:22.902619-05
186,93074651-53ce-4b23-8031-2d6bd0d279da,DMMaster,Sling,Simple Ranged. Deals 1d4 Bludgeoning damage.,weapon,6,1,0,,0,6,,,,0,Blood,#cc0000,24,Short Bow,https://tdodj-user-content-dev.s3.amazonaws.com/users/93074651-53ce-4b23-8031-2d6bd0d279da/images/1776207119573-bfb9a32d-shortbow.png,Item-Weapon,true,true,,,,,,,false,false,,2026-05-20 11:04:32.918271-05,2026-05-21 17:41:48.624032-05
223,93074651-53ce-4b23-8031-2d6bd0d279da,DMMaster,Sling bullet,Adventuring Gear.,other,1,1,2,,0,0,,,,0,Blood,#cc0000,24,Short Bow,https://tdodj-user-content-dev.s3.amazonaws.com/users/93074651-53ce-4b23-8031-2d6bd0d279da/images/1776207119573-bfb9a32d-shortbow.png,Item-Weapon,true,true,,,,,,,false,false,,2026-05-20 11:07:37.187033-05,2026-05-21 17:41:48.632799-05
463,93074651-53ce-4b23-8031-2d6bd0d279da,DMMaster,Slippers of Spider Climbing,"While you wear these light shoes, you can move up, down, and across vertical surfaces and upside down along ceilings, while leaving your hands free. You have a climbing speed equal to your walking speed. However, the slippers don't allow you to move this way on a slippery surface, such as one covered by ice or oil.",other,1,500,1,,0,0,Legs,,,0,Arcane,#8800cc,914,item-463-slippers-of-spider-climbing.webp,https://tdodj-user-content-dev.s3.amazonaws.com/users/93074651-53ce-4b23-8031-2d6bd0d279da/images/item-463-slippers-of-spider-climbing.webp,Item-Other,true,true,,,,,,,false,false,,2026-05-20 11:48:40.241552-05,2026-05-20 11:48:40.241552-05
187,93074651-53ce-4b23-8031-2d6bd0d279da,DMMaster,Small knife,"A small knife, typically found in a scholar's pack.",other,1,1,0,,0,0,,,,0,Blood,#cc0000,33,Silver Dagger,https://tdodj-user-content-dev.s3.amazonaws.com/users/93074651-53ce-4b23-8031-2d6bd0d279da/images/1776207756925-69c63bf0-silver-dagger.png,Item-Weapon,true,true,,,,,,,false,false,,2026-05-20 11:04:33.423074-05,2026-05-21 17:41:48.624732-05
188,93074651-53ce-4b23-8031-2d6bd0d279da,DMMaster,Smith's Tools,"These special tools include the items needed to pursue a craft or trade. The table shows examples of the most common types of tools, each providing items related to a single craft. Proficiency with a set of artisan's tools lets you add your proficiency bonus to any ability checks you make using the tools in your craft. Each type of artisan's tools requires a separate proficiency.",other,1,20,8,,0,0,,,,0,Blood,#cc0000,787,item-188-smith-s-tools.webp,https://tdodj-user-content-dev.s3.amazonaws.com/users/93074651-53ce-4b23-8031-2d6bd0d279da/images/item-188-smith-s-tools.webp,Item-Other,true,true,,,,,,,false,false,,2026-05-20 11:04:33.512428-05,2026-05-20 11:04:33.512428-05
189,93074651-53ce-4b23-8031-2d6bd0d279da,DMMaster,Soap,Adventuring Gear.,other,1,1,0,,0,0,,,,0,Blood,#cc0000,788,item-189-soap.webp,https://tdodj-user-content-dev.s3.amazonaws.com/users/93074651-53ce-4b23-8031-2d6bd0d279da/images/item-189-soap.webp,Item-Other,true,true,,,,,,,false,false,,2026-05-20 11:04:33.615259-05,2026-05-20 11:04:33.615259-05
464,93074651-53ce-4b23-8031-2d6bd0d279da,DMMaster,Sovereign Glue,"This viscous, milky-white substance can form a permanent adhesive bond between any two objects. It must be stored in a jar or flask that has been coated inside with oil of slipperiness. When found, a container contains 1d6 + 1 ounces.",other,1,100000,1,,0,0,,,,0,Arcane,#8800cc,915,item-464-sovereign-glue.webp,https://tdodj-user-content-dev.s3.amazonaws.com/users/93074651-53ce-4b23-8031-2d6bd0d279da/images/item-464-sovereign-glue.webp,Item-Other,true,true,,,,,,,false,false,,2026-05-20 11:48:40.358146-05,2026-05-20 11:48:40.358146-05
190,93074651-53ce-4b23-8031-2d6bd0d279da,DMMaster,Spear,Simple Melee. Deals 1d6 Piercing damage. Two-handed: 1d8.,weapon,1,1,3,,0,6,,,,0,Blood,#cc0000,26,Halberd,https://tdodj-user-content-dev.s3.amazonaws.com/users/93074651-53ce-4b23-8031-2d6bd0d279da/images/1776207243225-8859b1b7-halberd3.png,Item-Weapon,true,true,,,,,,,false,true,,2026-05-20 11:04:33.710572-05,2026-05-21 17:41:48.625193-05
191,93074651-53ce-4b23-8031-2d6bd0d279da,DMMaster,Spellbook,"Essential for wizards, a spellbook is a leather-bound tome with 100 blank vellum pages suitable for recording spells.",other,1,50,3,,0,0,,,,0,Blood,#cc0000,46,Magic Scroll 1,https://tdodj-user-content-dev.s3.amazonaws.com/users/93074651-53ce-4b23-8031-2d6bd0d279da/images/1776213079205-9b14b4f9-magicscroll1.jpg,Spell,true,true,,,,,,,false,false,,2026-05-20 11:04:33.793786-05,2026-05-21 17:41:48.625667-05
465,93074651-53ce-4b23-8031-2d6bd0d279da,DMMaster,Spellguard Shield,"While holding this shield, you have advantage on saving throws against spells and other magical effects, and spell attacks have disadvantage against you.",armor,1,50000,1,,3,0,,AC,,0,Arcane,#8800cc,18,Shield,https://tdodj-user-content-dev.s3.amazonaws.com/users/93074651-53ce-4b23-8031-2d6bd0d279da/images/1775749744062-3957c9cd-shield-one.jpg,Item-Armor,true,true,,,,,,,false,false,,2026-05-20 11:48:41.714089-05,2026-05-21 17:41:48.697945-05
466,93074651-53ce-4b23-8031-2d6bd0d279da,DMMaster,Sphere of Annihilation,"This 2-foot-diameter black sphere is a hole in the multiverse, hovering in space and stabilized by a magical field surrounding it.",other,1,100000,1,,0,0,,,,0,Arcane,#8800cc,916,item-466-sphere-of-annihilation.webp,https://tdodj-user-content-dev.s3.amazonaws.com/users/93074651-53ce-4b23-8031-2d6bd0d279da/images/item-466-sphere-of-annihilation.webp,Item-Other,true,true,,,,,,,false,false,,2026-05-20 11:48:41.808008-05,2026-05-20 11:48:41.808008-05
192,93074651-53ce-4b23-8031-2d6bd0d279da,DMMaster,"Spike, iron",Adventuring Gear.,other,1,1,5,,0,0,,,,0,Blood,#cc0000,26,Halberd,https://tdodj-user-content-dev.s3.amazonaws.com/users/93074651-53ce-4b23-8031-2d6bd0d279da/images/1776207243225-8859b1b7-halberd3.png,Item-Weapon,true,true,,,,,,,false,false,,2026-05-20 11:04:33.923653-05,2026-05-21 17:41:48.626125-05
193,93074651-53ce-4b23-8031-2d6bd0d279da,DMMaster,Splint Armor,Heavy armor. AC 17. Imposes disadvantage on Stealth checks. Requires 15 Strength.,armor,1,200,60,,17,0,Body,AC,,0,Blood,#cc0000,37,Leather Armor,https://tdodj-user-content-dev.s3.amazonaws.com/users/93074651-53ce-4b23-8031-2d6bd0d279da/images/1776738578503-c579e826-leatherbrestplate.jpg,Item-Armor,true,true,,,,,,,false,false,,2026-05-20 11:04:34.016436-05,2026-05-21 17:41:48.626549-05
194,93074651-53ce-4b23-8031-2d6bd0d279da,DMMaster,Sprig of mistletoe,"A druidic focus might be a sprig of mistletoe or holly, a wand or scepter made of yew or another special wood, a staff drawn whole out of a living tree, or a totem object incorporating feathers, fur, bones, and teeth from sacred animals. A druid can use such an object as a spellcasting focus.",other,1,1,0,,0,0,,,,0,Blood,#cc0000,789,item-194-sprig-of-mistletoe.webp,https://tdodj-user-content-dev.s3.amazonaws.com/users/93074651-53ce-4b23-8031-2d6bd0d279da/images/item-194-sprig-of-mistletoe.webp,Item-Other,true,true,,,,,,,false,false,,2026-05-20 11:04:34.132912-05,2026-05-20 11:04:34.132912-05
195,93074651-53ce-4b23-8031-2d6bd0d279da,DMMaster,Spyglass,Objects viewed through a spyglass are magnified to twice their size.,other,1,1000,1,,0,0,,,,0,Blood,#cc0000,790,item-195-spyglass.webp,https://tdodj-user-content-dev.s3.amazonaws.com/users/93074651-53ce-4b23-8031-2d6bd0d279da/images/item-195-spyglass.webp,Item-Other,true,true,,,,,,,false,false,,2026-05-20 11:04:34.239202-05,2026-05-20 11:04:34.239202-05
196,93074651-53ce-4b23-8031-2d6bd0d279da,DMMaster,Staff,"An arcane focus is a special item--an orb, a crystal, a rod, a specially constructed staff, a wand-like length of wood, or some similar item--designed to channel the power of arcane spells. A sorcerer, warlock, or wizard can use such an item as a spellcasting focus.",other,1,5,4,,0,0,,,,0,Blood,#cc0000,32,Magic Wand,https://tdodj-user-content-dev.s3.amazonaws.com/users/93074651-53ce-4b23-8031-2d6bd0d279da/images/1776207714496-2c85e02c-magic-wand.png,Item-Weapon,true,true,,,,,,,false,false,,2026-05-20 11:04:34.417549-05,2026-05-21 17:41:48.626981-05
467,93074651-53ce-4b23-8031-2d6bd0d279da,DMMaster,Staff of Charming,"While holding this staff, you can use an action to expend 1 of its 10 charges to cast charm person, command, or comprehend languages from it using your spell save DC. The staff can also be used as a magic quarterstaff.",other,6,5000,1,,0,0,,,,0,Arcane,#8800cc,32,Magic Wand,https://tdodj-user-content-dev.s3.amazonaws.com/users/93074651-53ce-4b23-8031-2d6bd0d279da/images/1776207714496-2c85e02c-magic-wand.png,Item-Weapon,true,true,,,,,,,false,false,,2026-05-20 11:48:41.889679-05,2026-05-21 17:41:48.698569-05
468,93074651-53ce-4b23-8031-2d6bd0d279da,DMMaster,Staff of Fire,You have resistance to fire damage while you hold this staff.,other,6,50000,1,,0,0,,,,0,Arcane,#8800cc,32,Magic Wand,https://tdodj-user-content-dev.s3.amazonaws.com/users/93074651-53ce-4b23-8031-2d6bd0d279da/images/1776207714496-2c85e02c-magic-wand.png,Item-Weapon,true,true,,,,,,,false,false,,2026-05-20 11:48:41.967553-05,2026-05-21 17:41:48.699313-05
469,93074651-53ce-4b23-8031-2d6bd0d279da,DMMaster,Staff of Frost,You have resistance to cold damage while you hold this staff.,other,6,50000,1,,0,0,,,,0,Arcane,#8800cc,19,Staff,https://tdodj-user-content-dev.s3.amazonaws.com/users/93074651-53ce-4b23-8031-2d6bd0d279da/images/1775862637831-4a8c9ee5-staff.jpg,Item-Weapon,true,true,,,,,,,false,false,,2026-05-20 11:48:42.04807-05,2026-05-21 17:41:48.700205-05
470,93074651-53ce-4b23-8031-2d6bd0d279da,DMMaster,Staff of Healing,"This staff has 10 charges. While holding it, you can use an action to expend 1 or more of its charges to cast one of the following spells from it, using your spell save DC and spellcasting ability modifier: cure wounds (1 charge per spell level, up to 4th), lesser restoration (2 charges), or mass cure wounds (5 charges).",other,6,5000,1,,0,0,,,,0,Arcane,#8800cc,19,Staff,https://tdodj-user-content-dev.s3.amazonaws.com/users/93074651-53ce-4b23-8031-2d6bd0d279da/images/1775862637831-4a8c9ee5-staff.jpg,Item-Weapon,true,true,,,,,,,false,false,,2026-05-20 11:48:42.130675-05,2026-05-21 17:41:48.700784-05
471,93074651-53ce-4b23-8031-2d6bd0d279da,DMMaster,Staff of Power,"This staff can be wielded as a magic quarterstaff that grants a +2 bonus to attack and damage rolls made with it. While holding it, you gain a +2 bonus to Armor Class, saving throws, and spell attack rolls.",other,6,50000,1,,2,0,,AC,,0,Arcane,#8800cc,32,Magic Wand,https://tdodj-user-content-dev.s3.amazonaws.com/users/93074651-53ce-4b23-8031-2d6bd0d279da/images/1776207714496-2c85e02c-magic-wand.png,Item-Weapon,true,true,,,,,,,false,false,,2026-05-20 11:48:42.240882-05,2026-05-21 17:41:48.701392-05
472,93074651-53ce-4b23-8031-2d6bd0d279da,DMMaster,Staff of Striking,This staff can be wielded as a magic quarterstaff that grants a +3 bonus to attack and damage rolls made with it.,other,6,50000,1,,0,0,,,,0,Arcane,#8800cc,19,Staff,https://tdodj-user-content-dev.s3.amazonaws.com/users/93074651-53ce-4b23-8031-2d6bd0d279da/images/1775862637831-4a8c9ee5-staff.jpg,Item-Weapon,true,true,,,,,,,false,false,,2026-05-20 11:48:42.34044-05,2026-05-21 17:41:48.701965-05
473,93074651-53ce-4b23-8031-2d6bd0d279da,DMMaster,Staff of Swarming Insects,"This staff has 10 charges and regains 1d6 + 4 expended charges daily at dawn. If you expend the last charge, roll a d20. On a 1, a swarm of insects consumes and destroys the staff, then disperses.",other,6,50000,1,,0,0,,,,0,Arcane,#8800cc,30,Quarter Staff,https://tdodj-user-content-dev.s3.amazonaws.com/users/93074651-53ce-4b23-8031-2d6bd0d279da/images/1776207630325-1b8fb638-quarter-staff.png,Item-Weapon,true,true,,,,,,,false,false,,2026-05-20 11:48:42.470366-05,2026-05-21 17:41:48.702483-05
14,93074651-53ce-4b23-8031-2d6bd0d279da,DMMaster,Staff of the Mage,A carved staff humming with arcane energy.,weapon,2,18,3,,0,6,,,,0,Blood,#cc0000,19,Staff,https://tdodj-user-content-dev.s3.amazonaws.com/users/93074651-53ce-4b23-8031-2d6bd0d279da/images/1775862637831-4a8c9ee5-staff.jpg,Item-Weapon,true,true,,,,,,,true,true,,2026-04-26 16:03:07.994877-05,2026-04-26 16:03:07.994877-05
474,93074651-53ce-4b23-8031-2d6bd0d279da,DMMaster,Staff of the Magi,"This staff can be wielded as a magic quarterstaff that grants a +2 bonus to attack and damage rolls made with it. While you hold it, you gain a +2 bonus to spell attack rolls.",other,6,100000,1,,0,0,,,,0,Arcane,#8800cc,19,Staff,https://tdodj-user-content-dev.s3.amazonaws.com/users/93074651-53ce-4b23-8031-2d6bd0d279da/images/1775862637831-4a8c9ee5-staff.jpg,Item-Weapon,true,true,,,,,,,false,false,,2026-05-20 11:48:42.576276-05,2026-05-21 17:41:48.702984-05
475,93074651-53ce-4b23-8031-2d6bd0d279da,DMMaster,Staff of the Python,"You can use an action to speak this staff's command word and throw the staff on the ground within 10 feet of you. The staff becomes a giant constrictor snake under your control and acts on its own initiative count. By using a bonus action to speak the command word again, you return the staff to its normal form in a space formerly occupied by the snake.",other,6,50000,1,,0,0,,,,0,Arcane,#8800cc,32,Magic Wand,https://tdodj-user-content-dev.s3.amazonaws.com/users/93074651-53ce-4b23-8031-2d6bd0d279da/images/1776207714496-2c85e02c-magic-wand.png,Item-Weapon,true,true,,,,,,,false,false,,2026-05-20 11:48:42.662173-05,2026-05-21 17:41:48.703421-05
476,93074651-53ce-4b23-8031-2d6bd0d279da,DMMaster,Staff of the Woodlands,"This staff can be wielded as a magic quarterstaff that grants a +2 bonus to attack and damage rolls made with it. While holding it, you have a +2 bonus to spell attack rolls.",other,6,5000,1,,0,0,,,,0,Arcane,#8800cc,32,Magic Wand,https://tdodj-user-content-dev.s3.amazonaws.com/users/93074651-53ce-4b23-8031-2d6bd0d279da/images/1776207714496-2c85e02c-magic-wand.png,Item-Weapon,true,true,,,,,,,false,false,,2026-05-20 11:48:42.760659-05,2026-05-21 17:41:48.703851-05
477,93074651-53ce-4b23-8031-2d6bd0d279da,DMMaster,Staff of Thunder and Lightning,"This staff can be wielded as a magic quarterstaff that grants a +2 bonus to attack and damage rolls made with it. It also has the following additional properties. When one of these properties is used, it can't be used again until the next dawn.",other,6,50000,1,,0,0,,,,0,Arcane,#8800cc,30,Quarter Staff,https://tdodj-user-content-dev.s3.amazonaws.com/users/93074651-53ce-4b23-8031-2d6bd0d279da/images/1776207630325-1b8fb638-quarter-staff.png,Item-Weapon,true,true,,,,,,,false,false,,2026-05-20 11:48:43.186782-05,2026-05-21 17:41:48.704239-05
478,93074651-53ce-4b23-8031-2d6bd0d279da,DMMaster,Staff of Withering,This staff has 3 charges and regains 1d3 expended charges daily at dawn.,other,6,5000,1,,0,0,,,,0,Arcane,#8800cc,32,Magic Wand,https://tdodj-user-content-dev.s3.amazonaws.com/users/93074651-53ce-4b23-8031-2d6bd0d279da/images/1776207714496-2c85e02c-magic-wand.png,Item-Weapon,true,true,,,,,,,false,false,,2026-05-20 11:48:43.280063-05,2026-05-21 17:41:48.704687-05
479,93074651-53ce-4b23-8031-2d6bd0d279da,DMMaster,Stone of Controlling Earth Elementals,"If the stone is touching the ground, you can use an action to speak its command word and summon an earth elemental, as if you had cast the conjure elemental spell. The stone can't be used this way again until the next dawn. The stone weighs 5 pounds.",other,1,5000,1,,0,0,,,,0,Arcane,#8800cc,72,Blue gem stonr,https://tdodj-user-content-dev.s3.amazonaws.com/users/93074651-53ce-4b23-8031-2d6bd0d279da/images/1778123738823-bb5e0c69-blue-gem-stonr.png,Item-Gem,true,true,,,,,,,false,false,,2026-05-20 11:48:43.357129-05,2026-05-21 17:41:48.705201-05
480,93074651-53ce-4b23-8031-2d6bd0d279da,DMMaster,Stone of Good Luck (Luckstone),"While this polished agate is on your person, you gain a +1 bonus to ability checks and saving throws.",other,1,500,1,,0,0,,,,0,Arcane,#8800cc,72,Blue gem stonr,https://tdodj-user-content-dev.s3.amazonaws.com/users/93074651-53ce-4b23-8031-2d6bd0d279da/images/1778123738823-bb5e0c69-blue-gem-stonr.png,Item-Gem,true,true,,,,,,,false,false,,2026-05-20 11:48:43.436384-05,2026-05-21 17:41:48.705754-05
197,93074651-53ce-4b23-8031-2d6bd0d279da,DMMaster,String (10 feet),"A 10-foot length of string, typically found in a burglar's pack.",other,1,1,0,,0,0,,,,0,Blood,#cc0000,791,item-197-string-10-feet.webp,https://tdodj-user-content-dev.s3.amazonaws.com/users/93074651-53ce-4b23-8031-2d6bd0d279da/images/item-197-string-10-feet.webp,Item-Other,true,true,,,,,,,false,false,,2026-05-20 11:04:34.505769-05,2026-05-20 11:04:34.505769-05
198,93074651-53ce-4b23-8031-2d6bd0d279da,DMMaster,Studded Leather Armor,Light armor. AC 12.,armor,1,45,13,,12,0,Body,AC,,0,Blood,#cc0000,37,Leather Armor,https://tdodj-user-content-dev.s3.amazonaws.com/users/93074651-53ce-4b23-8031-2d6bd0d279da/images/1776738578503-c579e826-leatherbrestplate.jpg,Item-Armor,true,true,,,,,,,false,false,,2026-05-20 11:04:34.600911-05,2026-05-21 17:41:48.627479-05
481,93074651-53ce-4b23-8031-2d6bd0d279da,DMMaster,Sun Blade,"This item appears to be a longsword hilt. While grasping the hilt, you can use a bonus action to cause a blade of pure radiance to spring into existence, or make the blade disappear. While the blade exists, this magic longsword has the finesse property. If you are proficient with shortswords or longswords, you are proficient with the sun blade.",weapon,1,5000,1,,0,4,,,,0,Arcane,#8800cc,34,Rapier,https://tdodj-user-content-dev.s3.amazonaws.com/users/93074651-53ce-4b23-8031-2d6bd0d279da/images/1776207963723-d6e31d72-rapier2.png,Item-Weapon,true,true,,,,,,,false,false,,2026-05-20 11:48:43.534505-05,2026-05-21 17:41:48.706403-05
325,93074651-53ce-4b23-8031-2d6bd0d279da,DMMaster,Swan Boat Feather Token,This tiny object looks like a feather.,other,1,5000,1,,0,0,,,,0,Arcane,#8800cc,859,item-325-swan-boat-feather-token.webp,https://tdodj-user-content-dev.s3.amazonaws.com/users/93074651-53ce-4b23-8031-2d6bd0d279da/images/item-325-swan-boat-feather-token.webp,Item-Other,true,true,,,,,,,false,false,,2026-05-20 11:48:21.431361-05,2026-05-20 11:48:21.431361-05
482,93074651-53ce-4b23-8031-2d6bd0d279da,DMMaster,Sword of Life Stealing,"When you attack a creature with this magic weapon and roll a 20 on the attack roll, that target takes an extra 3d6 necrotic damage, provided that the target isn't a construct or an undead. You gain temporary hit points equal to the extra damage dealt.",weapon,1,5000,1,,0,4,,,,0,Arcane,#8800cc,17,Short Sword,https://tdodj-user-content-dev.s3.amazonaws.com/users/93074651-53ce-4b23-8031-2d6bd0d279da/images/1775330751059-0beec60d-small-sward.jpg,Item-Weapon,true,true,,,,,,,false,false,,2026-05-20 11:48:43.610413-05,2026-05-21 17:41:48.706975-05
483,93074651-53ce-4b23-8031-2d6bd0d279da,DMMaster,Sword of Sharpness,"When you attack an object with this magic sword and hit, maximize your weapon damage dice against the target.",weapon,1,50000,1,,0,6,,,,0,Arcane,#8800cc,31,Enchanted Sword,https://tdodj-user-content-dev.s3.amazonaws.com/users/93074651-53ce-4b23-8031-2d6bd0d279da/images/1776207665203-92651828-enchanted-short-sword.jpg,Item-Weapon,true,true,,,,,,,false,false,,2026-05-20 11:48:43.691626-05,2026-05-21 17:41:48.707367-05
484,93074651-53ce-4b23-8031-2d6bd0d279da,DMMaster,Sword of Wounding,"Hit points lost to this weapon's damage can be regained only through a short or long rest, rather than by regeneration, magic, or any other means.",weapon,1,5000,1,,0,4,,,,0,Arcane,#8800cc,17,Short Sword,https://tdodj-user-content-dev.s3.amazonaws.com/users/93074651-53ce-4b23-8031-2d6bd0d279da/images/1775330751059-0beec60d-small-sward.jpg,Item-Weapon,true,true,,,,,,,false,false,,2026-05-20 11:48:43.804658-05,2026-05-21 17:41:48.70769-05
485,93074651-53ce-4b23-8031-2d6bd0d279da,DMMaster,Talisman of Pure Good,This talisman is a mighty symbol of goodness. A creature that is neither good nor evil in alignment takes 6d6 radiant damage upon touching the talisman. An evil creature takes 8d6 radiant damage upon touching the talisman. Either sort of creature takes the damage again each time it ends its turn holding or carrying the talisman.,other,1,100000,1,,0,0,,,,0,Arcane,#8800cc,917,item-485-talisman-of-pure-good.webp,https://tdodj-user-content-dev.s3.amazonaws.com/users/93074651-53ce-4b23-8031-2d6bd0d279da/images/item-485-talisman-of-pure-good.webp,Item-Other,true,true,,,,,,,false,false,,2026-05-20 11:48:43.894061-05,2026-05-20 11:48:43.894061-05
486,93074651-53ce-4b23-8031-2d6bd0d279da,DMMaster,Talisman of the Sphere,"When you make an Intelligence (Arcana) check to control a sphere of annihilation while you are holding this talisman, you double your proficiency bonus on the check. In addition, when you start your turn with control over a sphere of annihilation, you can use an action to levitate it 10 feet plus a number of additional feet equal to 10 × your Intelligence modifier.",other,1,100000,1,,0,0,,,,0,Arcane,#8800cc,918,item-486-talisman-of-the-sphere.webp,https://tdodj-user-content-dev.s3.amazonaws.com/users/93074651-53ce-4b23-8031-2d6bd0d279da/images/item-486-talisman-of-the-sphere.webp,Item-Other,true,true,,,,,,,false,false,,2026-05-20 11:48:43.978363-05,2026-05-20 11:48:43.978363-05
487,93074651-53ce-4b23-8031-2d6bd0d279da,DMMaster,Talisman of Ultimate Evil,This item symbolizes unrepentant evil. A creature that is neither good nor evil in alignment takes 6d6 necrotic damage upon touching the talisman. A good creature takes 8d6 necrotic damage upon touching the talisman. Either sort of creature takes the damage again each time it ends its turn holding or carrying the talisman.,other,1,100000,1,,0,0,,,,0,Arcane,#8800cc,919,item-487-talisman-of-ultimate-evil.webp,https://tdodj-user-content-dev.s3.amazonaws.com/users/93074651-53ce-4b23-8031-2d6bd0d279da/images/item-487-talisman-of-ultimate-evil.webp,Item-Other,true,true,,,,,,,false,false,,2026-05-20 11:48:44.057003-05,2026-05-20 11:48:44.057003-05
246,93074651-53ce-4b23-8031-2d6bd0d279da,DMMaster,Tan Bag of Tricks,"This ordinary bag, made from tan cloth, appears empty. Reaching inside the bag, however, reveals the presence of a small, fuzzy object. The bag weighs 1/2 pound.",other,1,500,1,,0,0,,,,0,Arcane,#8800cc,812,item-246-tan-bag-of-tricks.webp,https://tdodj-user-content-dev.s3.amazonaws.com/users/93074651-53ce-4b23-8031-2d6bd0d279da/images/item-246-tan-bag-of-tricks.webp,Item-Other,true,true,,,,,,,false,false,,2026-05-20 11:48:12.095759-05,2026-05-20 11:48:12.095759-05
199,93074651-53ce-4b23-8031-2d6bd0d279da,DMMaster,"Tent, two-person","A simple and portable canvas shelter, a tent sleeps two.",other,1,2,20,,0,0,,,,0,Blood,#cc0000,792,item-199-tent-two-person.webp,https://tdodj-user-content-dev.s3.amazonaws.com/users/93074651-53ce-4b23-8031-2d6bd0d279da/images/item-199-tent-two-person.webp,Item-Other,true,true,,,,,,,false,false,,2026-05-20 11:04:34.691208-05,2026-05-20 11:04:34.691208-05
200,93074651-53ce-4b23-8031-2d6bd0d279da,DMMaster,Thieves' Tools,"This set of tools includes a small file, a set of lock picks, a small mirror mounted on a metal handle, a set of narrow-bladed scissors, and a pair of pliers. Proficiency with these tools lets you add your proficiency bonus to any ability checks you make to disarm traps or open locks.",pick,1,25,1,,0,0,,,,0,Blood,#cc0000,36,Lock Picks,https://tdodj-user-content-dev.s3.amazonaws.com/users/93074651-53ce-4b23-8031-2d6bd0d279da/images/1776473759436-c5aeecb2-lockpick.jpg,Item-Pick,true,true,,,,,,,false,false,,2026-05-20 11:04:34.798863-05,2026-05-21 17:41:48.627847-05
18,93074651-53ce-4b23-8031-2d6bd0d279da,DMMaster,Throwing Knife,A balanced blade weighted for accurate throwing.,weapon,0,6,1,,0,6,,,,0,Blood,#cc0000,25,Throwing Knife,https://tdodj-user-content-dev.s3.amazonaws.com/users/93074651-53ce-4b23-8031-2d6bd0d279da/images/1776207199180-1c6fb7a6-throwing-knife.png,Item-Weapon,true,true,,,,,,,true,false,,2026-04-26 16:03:07.994877-05,2026-04-26 16:03:07.994877-05
201,93074651-53ce-4b23-8031-2d6bd0d279da,DMMaster,Tinderbox,"This small container holds flint, fire steel, and tinder (usually dry cloth soaked in light oil) used to kindle a fire. Using it to light a torch--or anything else with abundant, exposed fuel--takes an action.",other,1,1,1,,0,0,,,,0,Blood,#cc0000,793,item-201-tinderbox.webp,https://tdodj-user-content-dev.s3.amazonaws.com/users/93074651-53ce-4b23-8031-2d6bd0d279da/images/item-201-tinderbox.webp,Item-Other,true,true,,,,,,,false,false,,2026-05-20 11:04:34.941477-05,2026-05-20 11:04:34.941477-05
202,93074651-53ce-4b23-8031-2d6bd0d279da,DMMaster,Tinker's Tools,"These special tools include the items needed to pursue a craft or trade. The table shows examples of the most common types of tools, each providing items related to a single craft. Proficiency with a set of artisan's tools lets you add your proficiency bonus to any ability checks you make using the tools in your craft. Each type of artisan's tools requires a separate proficiency.",other,1,50,10,,0,0,,,,0,Blood,#cc0000,794,item-202-tinker-s-tools.webp,https://tdodj-user-content-dev.s3.amazonaws.com/users/93074651-53ce-4b23-8031-2d6bd0d279da/images/item-202-tinker-s-tools.webp,Item-Other,true,true,,,,,,,false,false,,2026-05-20 11:04:35.063823-05,2026-05-20 11:04:35.063823-05
488,93074651-53ce-4b23-8031-2d6bd0d279da,DMMaster,Tome of Clear Thought,"This book contains memory and logic exercises, and its words are charged with magic. If you spend 48 hours over a period of 6 days or fewer studying the book's contents and practicing its guidelines, your Intelligence score increases by 2, as does your maximum for that score. The manual then loses its magic, but regains it in a century.",other,1,50000,1,,0,0,,,,0,Arcane,#8800cc,45,Magic Scroll,https://tdodj-user-content-dev.s3.amazonaws.com/users/93074651-53ce-4b23-8031-2d6bd0d279da/images/1776213103213-4d3606a9-magicscroll.png,Spell,true,true,,,,,,,false,false,,2026-05-20 11:48:44.136297-05,2026-05-21 17:41:48.708076-05
489,93074651-53ce-4b23-8031-2d6bd0d279da,DMMaster,Tome of Leadership and Influence,"This book contains guidelines for influencing and charming others, and its words are charged with magic. If you spend 48 hours over a period of 6 days or fewer studying the book's contents and practicing its guidelines, your Charisma score increases by 2, as does your maximum for that score. The manual then loses its magic, but regains it in a century.",other,1,50000,1,,0,0,,,,0,Arcane,#8800cc,46,Magic Scroll 1,https://tdodj-user-content-dev.s3.amazonaws.com/users/93074651-53ce-4b23-8031-2d6bd0d279da/images/1776213079205-9b14b4f9-magicscroll1.jpg,Spell,true,true,,,,,,,false,false,,2026-05-20 11:48:44.219996-05,2026-05-21 17:41:48.708564-05
490,93074651-53ce-4b23-8031-2d6bd0d279da,DMMaster,Tome of Understanding,"This book contains intuition and insight exercises, and its words are charged with magic. If you spend 48 hours over a period of 6 days or fewer studying the book's contents and practicing its guidelines, your Wisdom score increases by 2, as does your maximum for that score. The manual then loses its magic, but regains it in a century.",other,1,50000,1,,0,0,,,,0,Arcane,#8800cc,46,Magic Scroll 1,https://tdodj-user-content-dev.s3.amazonaws.com/users/93074651-53ce-4b23-8031-2d6bd0d279da/images/1776213079205-9b14b4f9-magicscroll1.jpg,Spell,true,true,,,,,,,false,false,,2026-05-20 11:48:44.307186-05,2026-05-21 17:41:48.708972-05
22,93074651-53ce-4b23-8031-2d6bd0d279da,DMMaster,Torch,A wooden torch that lights your way in dark dungeons.,light,0,2,1,,2,0,,Sight,,0,Blood,#cc0000,694,item-22-torch.webp,https://tdodj-user-content-dev.s3.amazonaws.com/users/93074651-53ce-4b23-8031-2d6bd0d279da/images/item-22-torch.webp,Item-Other,true,true,,,,,,,true,false,,2026-04-26 16:03:07.994877-05,2026-04-26 16:03:07.994877-05
203,93074651-53ce-4b23-8031-2d6bd0d279da,DMMaster,Totem,"A druidic focus might be a sprig of mistletoe or holly, a wand or scepter made of yew or another special wood, a staff drawn whole out of a living tree, or a totem object incorporating feathers, fur, bones, and teeth from sacred animals. A druid can use such an object as a spellcasting focus.",other,1,1,0,,0,0,,,,0,Blood,#cc0000,795,item-203-totem.webp,https://tdodj-user-content-dev.s3.amazonaws.com/users/93074651-53ce-4b23-8031-2d6bd0d279da/images/item-203-totem.webp,Item-Other,true,true,,,,,,,false,false,,2026-05-20 11:04:35.28107-05,2026-05-20 11:04:35.28107-05
326,93074651-53ce-4b23-8031-2d6bd0d279da,DMMaster,Tree Feather Token,This tiny object looks like a feather.,other,1,5000,1,,0,0,,,,0,Arcane,#8800cc,860,item-326-tree-feather-token.webp,https://tdodj-user-content-dev.s3.amazonaws.com/users/93074651-53ce-4b23-8031-2d6bd0d279da/images/item-326-tree-feather-token.webp,Item-Other,true,true,,,,,,,false,false,,2026-05-20 11:48:21.506373-05,2026-05-20 11:48:21.506373-05
204,93074651-53ce-4b23-8031-2d6bd0d279da,DMMaster,Trident,Martial Melee. Deals 1d6 Piercing damage. Two-handed: 1d8.,weapon,1,5,4,,0,6,,,,0,Blood,#cc0000,26,Halberd,https://tdodj-user-content-dev.s3.amazonaws.com/users/93074651-53ce-4b23-8031-2d6bd0d279da/images/1776207243225-8859b1b7-halberd3.png,Item-Weapon,true,true,,,,,,,false,true,,2026-05-20 11:04:35.733912-05,2026-05-21 17:41:48.628171-05
491,93074651-53ce-4b23-8031-2d6bd0d279da,DMMaster,Trident of Fish Command,"This trident is a magic weapon. It has 3 charges. While you carry it, you can use an action and expend 1 charge to cast dominate beast (save DC 15) from it on a beast that has an innate swimming speed. The trident regains 1d3 expended charges daily at dawn.",weapon,1,500,1,,0,4,,,,0,Arcane,#8800cc,26,Halberd,https://tdodj-user-content-dev.s3.amazonaws.com/users/93074651-53ce-4b23-8031-2d6bd0d279da/images/1776207243225-8859b1b7-halberd3.png,Item-Weapon,true,true,,,,,,,false,false,,2026-05-20 11:48:44.411976-05,2026-05-21 17:41:48.709407-05
492,93074651-53ce-4b23-8031-2d6bd0d279da,DMMaster,Universal Solvent,"This tube holds milky liquid with a strong alcohol smell. You can use an action to pour the contents of the tube onto a surface within reach. The liquid instantly dissolves up to 1 square foot of adhesive it touches, including sovereign glue.",other,1,100000,1,,0,0,,,,0,Arcane,#8800cc,920,item-492-universal-solvent.webp,https://tdodj-user-content-dev.s3.amazonaws.com/users/93074651-53ce-4b23-8031-2d6bd0d279da/images/item-492-universal-solvent.webp,Item-Other,true,true,,,,,,,false,false,,2026-05-20 11:48:44.502382-05,2026-05-20 11:48:44.502382-05
205,93074651-53ce-4b23-8031-2d6bd0d279da,DMMaster,Vestments,"Religious clothing, typically found in a priest's pack.",other,1,1,0,,0,0,,,,0,Blood,#cc0000,796,item-205-vestments.webp,https://tdodj-user-content-dev.s3.amazonaws.com/users/93074651-53ce-4b23-8031-2d6bd0d279da/images/item-205-vestments.webp,Item-Other,true,true,,,,,,,false,false,,2026-05-20 11:04:35.868945-05,2026-05-20 11:04:35.868945-05
206,93074651-53ce-4b23-8031-2d6bd0d279da,DMMaster,Vial,Adventuring Gear.,other,1,1,0,,0,0,,,,0,Blood,#cc0000,43,Potion Purple,https://tdodj-user-content-dev.s3.amazonaws.com/users/93074651-53ce-4b23-8031-2d6bd0d279da/images/1776211819605-91d124f4-potions1.jpg,Potion,true,true,,,,,,,false,false,,2026-05-20 11:04:36.000476-05,2026-05-21 17:41:48.628524-05
493,93074651-53ce-4b23-8031-2d6bd0d279da,DMMaster,Vicious Weapon,"When you roll a 20 on your attack roll with this magic weapon, your critical hit deals an extra 2d6 damage of the weapon's type.",weapon,1,5000,1,,0,4,,,,0,Arcane,#8800cc,23,Long Bow,https://tdodj-user-content-dev.s3.amazonaws.com/users/93074651-53ce-4b23-8031-2d6bd0d279da/images/1776207099926-b1bfb215-longbow1.png,Item-Weapon,true,true,,,,,,,false,false,,2026-05-20 11:48:44.583658-05,2026-05-21 17:41:48.709852-05
207,93074651-53ce-4b23-8031-2d6bd0d279da,DMMaster,Viol,"Several of the most common types of musical instruments are shown on the table as examples. If you have proficiency with a given musical instrument, you can add your proficiency bonus to any ability checks you make to play music with the instrument. A bard can use a musical instrument as a spellcasting focus. Each type of musical instrument requires a separate proficiency.",other,1,30,1,,0,0,,,,0,Blood,#cc0000,797,item-207-viol.webp,https://tdodj-user-content-dev.s3.amazonaws.com/users/93074651-53ce-4b23-8031-2d6bd0d279da/images/item-207-viol.webp,Item-Other,true,true,,,,,,,false,false,,2026-05-20 11:04:36.08379-05,2026-05-20 11:04:36.08379-05
494,93074651-53ce-4b23-8031-2d6bd0d279da,DMMaster,Vorpal Sword,"You gain a +3 bonus to attack and damage rolls made with this magic weapon. In addition, the weapon ignores resistance to slashing damage.",weapon,1,100000,1,,0,6,,,,0,Arcane,#8800cc,31,Enchanted Sword,https://tdodj-user-content-dev.s3.amazonaws.com/users/93074651-53ce-4b23-8031-2d6bd0d279da/images/1776207665203-92651828-enchanted-short-sword.jpg,Item-Weapon,true,true,,,,,,,false,false,,2026-05-20 11:48:44.662734-05,2026-05-21 17:41:48.71028-05
208,93074651-53ce-4b23-8031-2d6bd0d279da,DMMaster,Wand,"An arcane focus is a special item--an orb, a crystal, a rod, a specially constructed staff, a wand-like length of wood, or some similar item--designed to channel the power of arcane spells. A sorcerer, warlock, or wizard can use such an item as a spellcasting focus.",other,1,10,1,,0,0,,,,0,Blood,#cc0000,30,Quarter Staff,https://tdodj-user-content-dev.s3.amazonaws.com/users/93074651-53ce-4b23-8031-2d6bd0d279da/images/1776207630325-1b8fb638-quarter-staff.png,Item-Weapon,true,true,,,,,,,false,false,,2026-05-20 11:04:36.336611-05,2026-05-21 17:41:48.629027-05
495,93074651-53ce-4b23-8031-2d6bd0d279da,DMMaster,Wand of Binding,"This wand has 7 charges for the following properties. It regains 1d6 + 1 expended charges daily at dawn. If you expend the wand's last charge, roll a d20. On a 1, the wand crumbles into ashes and is destroyed.",other,6,5000,1,,0,0,,,,0,Arcane,#8800cc,32,Magic Wand,https://tdodj-user-content-dev.s3.amazonaws.com/users/93074651-53ce-4b23-8031-2d6bd0d279da/images/1776207714496-2c85e02c-magic-wand.png,Item-Weapon,true,true,,,,,,,false,false,,2026-05-20 11:48:44.744405-05,2026-05-21 17:41:48.710702-05
496,93074651-53ce-4b23-8031-2d6bd0d279da,DMMaster,Wand of Enemy Detection,"This wand has 7 charges. While holding it, you can use an action and expend 1 charge to speak its command word. For the next minute, you know the direction of the nearest creature hostile to you within 60 feet, but not its distance from you. The wand can sense the presence of hostile creatures that are ethereal, invisible, disguised, or hidden, as well as those in plain sight. The effect ends if you stop holding the wand.",other,6,5000,1,,0,0,,,,0,Arcane,#8800cc,32,Magic Wand,https://tdodj-user-content-dev.s3.amazonaws.com/users/93074651-53ce-4b23-8031-2d6bd0d279da/images/1776207714496-2c85e02c-magic-wand.png,Item-Weapon,true,true,,,,,,,false,false,,2026-05-20 11:48:44.856991-05,2026-05-21 17:41:48.711201-05
497,93074651-53ce-4b23-8031-2d6bd0d279da,DMMaster,Wand of Fear,"This wand has 7 charges for the following properties. It regains 1d6 + 1 expended charges daily at dawn. If you expend the wand's last charge, roll a d20. On a 1, the wand crumbles into ashes and is destroyed.",other,6,5000,1,,0,0,,,,0,Arcane,#8800cc,32,Magic Wand,https://tdodj-user-content-dev.s3.amazonaws.com/users/93074651-53ce-4b23-8031-2d6bd0d279da/images/1776207714496-2c85e02c-magic-wand.png,Item-Weapon,true,true,,,,,,,false,false,,2026-05-20 11:48:45.252373-05,2026-05-21 17:41:48.711667-05
498,93074651-53ce-4b23-8031-2d6bd0d279da,DMMaster,Wand of Fireballs,"This wand has 7 charges. While holding it, you can use an action to expend 1 or more of its charges to cast the fireball spell (save DC 15) from it. For 1 charge, you cast the 3rd-level version of the spell. You can increase the spell slot level by one for each additional charge you expend.",other,6,5000,1,,0,0,,,,0,Arcane,#8800cc,32,Magic Wand,https://tdodj-user-content-dev.s3.amazonaws.com/users/93074651-53ce-4b23-8031-2d6bd0d279da/images/1776207714496-2c85e02c-magic-wand.png,Item-Weapon,true,true,,,,,,,false,false,,2026-05-20 11:48:45.331822-05,2026-05-21 17:41:48.712116-05
499,93074651-53ce-4b23-8031-2d6bd0d279da,DMMaster,Wand of Lightning Bolts,"This wand has 7 charges. While holding it, you can use an action to expend 1 or more of its charges to cast the lightning bolt spell (save DC 15) from it. For 1 charge, you cast the 3rd-level version of the spell. You can increase the spell slot level by one for each additional charge you expend.",weapon,6,5000,1,,0,6,,,Magic,2,Lightning,#ffffff,32,Magic Wand,https://tdodj-user-content-dev.s3.amazonaws.com/users/93074651-53ce-4b23-8031-2d6bd0d279da/images/1776207714496-2c85e02c-magic-wand.png,Item-Weapon,true,true,,,,,,,true,true,,2026-05-20 11:48:45.424113-05,2026-05-21 17:41:48.712591-05
500,93074651-53ce-4b23-8031-2d6bd0d279da,DMMaster,Wand of Magic Detection,"This wand has 3 charges. While holding it, you can expend 1 charge as an action to cast the detect magic spell from it. The wand regains 1d3 expended charges daily at dawn.",other,6,500,1,,0,0,,,,0,Arcane,#8800cc,32,Magic Wand,https://tdodj-user-content-dev.s3.amazonaws.com/users/93074651-53ce-4b23-8031-2d6bd0d279da/images/1776207714496-2c85e02c-magic-wand.png,Item-Weapon,true,true,,,,,,,false,false,,2026-05-20 11:48:45.51492-05,2026-05-21 17:41:48.71313-05
501,93074651-53ce-4b23-8031-2d6bd0d279da,DMMaster,Wand of Magic Missiles,"This wand has 7 charges. While holding it, you can use an action to expend 1 or more of its charges to cast the magic missile spell from it. For 1 charge, you cast the 1st-level version of the spell. You can increase the spell slot level by one for each additional charge you expend.",other,6,500,1,,0,0,,,,0,Arcane,#8800cc,32,Magic Wand,https://tdodj-user-content-dev.s3.amazonaws.com/users/93074651-53ce-4b23-8031-2d6bd0d279da/images/1776207714496-2c85e02c-magic-wand.png,Item-Weapon,true,true,,,,,,,false,false,,2026-05-20 11:48:45.590622-05,2026-05-21 17:41:48.713517-05
502,93074651-53ce-4b23-8031-2d6bd0d279da,DMMaster,Wand of Paralysis,"This wand has 7 charges. While holding it, you can use an action to expend 1 of its charges to cause a thin blue ray to streak from the tip toward a creature you can see within 60 feet of you. The target must succeed on a DC 15 Constitution saving throw or be paralyzed for 1 minute. At the end of each of the target's turns, it can repeat the saving throw, ending the effect on itself on a success.",other,6,5000,1,,0,0,,,,0,Arcane,#8800cc,32,Magic Wand,https://tdodj-user-content-dev.s3.amazonaws.com/users/93074651-53ce-4b23-8031-2d6bd0d279da/images/1776207714496-2c85e02c-magic-wand.png,Item-Weapon,true,true,,,,,,,false,false,,2026-05-20 11:48:45.683232-05,2026-05-21 17:41:48.713837-05
503,93074651-53ce-4b23-8031-2d6bd0d279da,DMMaster,Wand of Polymorph,"This wand has 7 charges. While holding it, you can use an action to expend 1 of its charges to cast the polymorph spell (save DC 15) from it.",other,6,50000,1,,0,0,,,,0,Arcane,#8800cc,32,Magic Wand,https://tdodj-user-content-dev.s3.amazonaws.com/users/93074651-53ce-4b23-8031-2d6bd0d279da/images/1776207714496-2c85e02c-magic-wand.png,Item-Weapon,true,true,,,,,,,false,false,,2026-05-20 11:48:45.779674-05,2026-05-21 17:41:48.714126-05
504,93074651-53ce-4b23-8031-2d6bd0d279da,DMMaster,Wand of Secrets,"The wand has 3 charges. While holding it, you can use an action to expend 1 of its charges, and if a secret door or trap is within 30 feet of you, the wand pulses and points at the one nearest to you. The wand regains 1d3 expended charges daily at dawn.",other,6,500,1,,0,0,,,,0,Arcane,#8800cc,32,Magic Wand,https://tdodj-user-content-dev.s3.amazonaws.com/users/93074651-53ce-4b23-8031-2d6bd0d279da/images/1776207714496-2c85e02c-magic-wand.png,Item-Weapon,true,true,,,,,,,false,false,,2026-05-20 11:48:45.856775-05,2026-05-21 17:41:48.714415-05
505,93074651-53ce-4b23-8031-2d6bd0d279da,DMMaster,"Wand of the War Mage, +1","While holding this wand, you gain a +1 bonus to spell attack rolls. In addition, you ignore half cover when making a spell attack.",other,6,500,1,,0,0,,,,0,Arcane,#8800cc,32,Magic Wand,https://tdodj-user-content-dev.s3.amazonaws.com/users/93074651-53ce-4b23-8031-2d6bd0d279da/images/1776207714496-2c85e02c-magic-wand.png,Item-Weapon,true,true,,,,,,,false,false,,2026-05-20 11:48:46.232119-05,2026-05-21 17:41:48.715272-05
506,93074651-53ce-4b23-8031-2d6bd0d279da,DMMaster,"Wand of the War Mage, +2","While holding this wand, you gain a +2 bonus to spell attack rolls. In addition, you ignore half cover when making a spell attack.",other,6,5000,1,,0,0,,,,0,Arcane,#8800cc,32,Magic Wand,https://tdodj-user-content-dev.s3.amazonaws.com/users/93074651-53ce-4b23-8031-2d6bd0d279da/images/1776207714496-2c85e02c-magic-wand.png,Item-Weapon,true,true,,,,,,,false,false,,2026-05-20 11:48:46.324054-05,2026-05-21 17:41:48.715891-05
507,93074651-53ce-4b23-8031-2d6bd0d279da,DMMaster,"Wand of the War Mage, +3","While holding this wand, you gain a +3 bonus to spell attack rolls. In addition, you ignore half cover when making a spell attack.",other,6,50000,1,,0,0,,,,0,Arcane,#8800cc,32,Magic Wand,https://tdodj-user-content-dev.s3.amazonaws.com/users/93074651-53ce-4b23-8031-2d6bd0d279da/images/1776207714496-2c85e02c-magic-wand.png,Item-Weapon,true,true,,,,,,,false,false,,2026-05-20 11:48:46.401343-05,2026-05-21 17:41:48.716494-05
508,93074651-53ce-4b23-8031-2d6bd0d279da,DMMaster,Wand of Web,"This wand has 7 charges. While holding it, you can use an action to expend 1 of its charges to cast the web spell (save DC 15) from it.",other,6,500,1,,0,0,,,,0,Arcane,#8800cc,32,Magic Wand,https://tdodj-user-content-dev.s3.amazonaws.com/users/93074651-53ce-4b23-8031-2d6bd0d279da/images/1776207714496-2c85e02c-magic-wand.png,Item-Weapon,true,true,,,,,,,false,false,,2026-05-20 11:48:46.491727-05,2026-05-21 17:41:48.717161-05
509,93074651-53ce-4b23-8031-2d6bd0d279da,DMMaster,Wand of Wonder,"This wand has 7 charges. While holding it, you can use an action to expend 1 of its charges and choose a target within 120 feet of you. The target can be a creature, an object, or a point in space. Roll d100 and consult the following table to discover what happens.",other,6,5000,1,,0,0,,,,0,Arcane,#8800cc,32,Magic Wand,https://tdodj-user-content-dev.s3.amazonaws.com/users/93074651-53ce-4b23-8031-2d6bd0d279da/images/1776207714496-2c85e02c-magic-wand.png,Item-Weapon,true,true,,,,,,,false,false,,2026-05-20 11:48:46.615886-05,2026-05-21 17:41:48.717725-05
7,93074651-53ce-4b23-8031-2d6bd0d279da,DMMaster,War Hammer,A massive hammer that crushes armor and bone. Two-handed.,weapon,1,18,9,,0,4,,,,0,Blood,#cc0000,27,War Hammer,https://tdodj-user-content-dev.s3.amazonaws.com/users/93074651-53ce-4b23-8031-2d6bd0d279da/images/1776207278855-e30b1fcc-war-hammer3.jpg,Item-Weapon,true,true,,,,,,,true,true,,2026-04-26 16:03:07.994877-05,2026-04-26 16:03:07.994877-05
209,93074651-53ce-4b23-8031-2d6bd0d279da,DMMaster,War pick,Martial Melee. Deals 1d8 Piercing damage.,weapon,1,5,2,,0,8,,,,0,Blood,#cc0000,36,Lock Picks,https://tdodj-user-content-dev.s3.amazonaws.com/users/93074651-53ce-4b23-8031-2d6bd0d279da/images/1776473759436-c5aeecb2-lockpick.jpg,Item-Pick,true,true,,,,,,,false,false,,2026-05-20 11:04:36.431336-05,2026-05-21 17:41:48.629494-05
210,93074651-53ce-4b23-8031-2d6bd0d279da,DMMaster,Warhammer,Martial Melee. Deals 1d8 Bludgeoning damage. Two-handed: 1d10.,weapon,1,15,2,,0,8,,,,0,Blood,#cc0000,27,War Hammer,https://tdodj-user-content-dev.s3.amazonaws.com/users/93074651-53ce-4b23-8031-2d6bd0d279da/images/1776207278855-e30b1fcc-war-hammer3.jpg,Item-Weapon,true,true,,,,,,,false,true,,2026-05-20 11:04:36.550427-05,2026-05-21 17:41:48.629834-05
316,93074651-53ce-4b23-8031-2d6bd0d279da,DMMaster,Water Elemental Gem,"This emerald contains a mote of elemental energy. When you use an action to break the gem, a water elemental is summoned as if you had cast the conjure elemental spell, and the gem's magic is lost.",other,1,500,1,,0,0,,,,0,Arcane,#8800cc,72,Blue gem stonr,https://tdodj-user-content-dev.s3.amazonaws.com/users/93074651-53ce-4b23-8031-2d6bd0d279da/images/1778123738823-bb5e0c69-blue-gem-stonr.png,Item-Gem,true,true,,,,,,,false,false,,2026-05-20 11:48:20.511912-05,2026-05-21 17:41:48.653038-05
211,93074651-53ce-4b23-8031-2d6bd0d279da,DMMaster,Waterskin,Adventuring Gear.,other,1,1,5,,0,0,,,,0,Blood,#cc0000,798,item-211-waterskin.webp,https://tdodj-user-content-dev.s3.amazonaws.com/users/93074651-53ce-4b23-8031-2d6bd0d279da/images/item-211-waterskin.webp,Item-Other,true,true,,,,,,,false,false,,2026-05-20 11:04:36.877147-05,2026-05-20 11:04:36.877147-05
510,93074651-53ce-4b23-8031-2d6bd0d279da,DMMaster,"Weapon, +1",You have a +1 bonus to attack and damage rolls made with this magic weapon.,weapon,1,500,1,,0,4,,,,0,Arcane,#8800cc,23,Long Bow,https://tdodj-user-content-dev.s3.amazonaws.com/users/93074651-53ce-4b23-8031-2d6bd0d279da/images/1776207099926-b1bfb215-longbow1.png,Item-Weapon,true,true,,,,,,,false,false,,2026-05-20 11:48:46.771057-05,2026-05-21 17:41:48.718316-05
511,93074651-53ce-4b23-8031-2d6bd0d279da,DMMaster,"Weapon, +2",You have a +2 bonus to attack and damage rolls made with this magic weapon.,weapon,1,5000,1,,0,4,,,,0,Arcane,#8800cc,17,Short Sword,https://tdodj-user-content-dev.s3.amazonaws.com/users/93074651-53ce-4b23-8031-2d6bd0d279da/images/1775330751059-0beec60d-small-sward.jpg,Item-Weapon,true,true,,,,,,,false,false,,2026-05-20 11:48:46.848761-05,2026-05-21 17:41:48.718844-05
512,93074651-53ce-4b23-8031-2d6bd0d279da,DMMaster,"Weapon, +3",You have a +3 bonus to attack and damage rolls made with this magic weapon.,weapon,1,50000,1,,0,6,,,,0,Arcane,#8800cc,34,Rapier,https://tdodj-user-content-dev.s3.amazonaws.com/users/93074651-53ce-4b23-8031-2d6bd0d279da/images/1776207963723-d6e31d72-rapier2.png,Item-Weapon,true,true,,,,,,,false,false,,2026-05-20 11:48:46.93142-05,2026-05-21 17:41:48.719635-05
212,93074651-53ce-4b23-8031-2d6bd0d279da,DMMaster,Weaver's Tools,"These special tools include the items needed to pursue a craft or trade. The table shows examples of the most common types of tools, each providing items related to a single craft. Proficiency with a set of artisan's tools lets you add your proficiency bonus to any ability checks you make using the tools in your craft. Each type of artisan's tools requires a separate proficiency.",other,1,1,5,,0,0,,,,0,Blood,#cc0000,799,item-212-weaver-s-tools.webp,https://tdodj-user-content-dev.s3.amazonaws.com/users/93074651-53ce-4b23-8031-2d6bd0d279da/images/item-212-weaver-s-tools.webp,Item-Other,true,true,,,,,,,false,false,,2026-05-20 11:04:36.957669-05,2026-05-20 11:04:36.957669-05
513,93074651-53ce-4b23-8031-2d6bd0d279da,DMMaster,Well of Many Worlds,"This fine black cloth, soft as silk, is folded up to the dimensions of a handkerchief. It unfolds into a circular sheet 6 feet in diameter.",other,1,100000,1,,0,0,,,,0,Arcane,#8800cc,921,item-513-well-of-many-worlds.webp,https://tdodj-user-content-dev.s3.amazonaws.com/users/93074651-53ce-4b23-8031-2d6bd0d279da/images/item-513-well-of-many-worlds.webp,Item-Other,true,true,,,,,,,false,false,,2026-05-20 11:48:47.009534-05,2026-05-20 11:48:47.009534-05
213,93074651-53ce-4b23-8031-2d6bd0d279da,DMMaster,Whetstone,Adventuring Gear.,other,1,1,1,,0,0,,,,0,Blood,#cc0000,72,Blue gem stonr,https://tdodj-user-content-dev.s3.amazonaws.com/users/93074651-53ce-4b23-8031-2d6bd0d279da/images/1778123738823-bb5e0c69-blue-gem-stonr.png,Item-Gem,true,true,,,,,,,false,false,,2026-05-20 11:04:37.080676-05,2026-05-21 17:41:48.63015-05
214,93074651-53ce-4b23-8031-2d6bd0d279da,DMMaster,Whip,Martial Melee. Deals 1d4 Slashing damage.,weapon,1,2,3,,0,6,,,,0,Blood,#cc0000,28,Great Sword,https://tdodj-user-content-dev.s3.amazonaws.com/users/93074651-53ce-4b23-8031-2d6bd0d279da/images/1776207466357-4ae7a514-great-sword.png,Item-Weapon,true,true,,,,,,,false,false,,2026-05-20 11:04:37.173037-05,2026-05-21 17:41:48.630482-05
327,93074651-53ce-4b23-8031-2d6bd0d279da,DMMaster,Whip Feather Token,This tiny object looks like a feather.,other,1,5000,1,,0,0,,,,0,Arcane,#8800cc,861,item-327-whip-feather-token.webp,https://tdodj-user-content-dev.s3.amazonaws.com/users/93074651-53ce-4b23-8031-2d6bd0d279da/images/item-327-whip-feather-token.webp,Item-Other,true,true,,,,,,,false,false,,2026-05-20 11:48:21.5923-05,2026-05-20 11:48:21.5923-05
304,93074651-53ce-4b23-8031-2d6bd0d279da,DMMaster,White Dragon Scale Mail,"Dragon scale mail is made of the scales of a white dragon. Sometimes dragons collect their cast-off scales and gift them to humanoids. Other times, hunters carefully skin and preserve the hide of a dead dragon. In either case, dragon scale mail is highly valued.",armor,1,50000,1,,1,0,Body,AC,,0,Arcane,#8800cc,37,Leather Armor,https://tdodj-user-content-dev.s3.amazonaws.com/users/93074651-53ce-4b23-8031-2d6bd0d279da/images/1776738578503-c579e826-leatherbrestplate.jpg,Item-Armor,true,true,,,,,,,false,false,,2026-05-20 11:48:19.056628-05,2026-05-21 17:41:48.648346-05
514,93074651-53ce-4b23-8031-2d6bd0d279da,DMMaster,Wind Fan,"While holding this fan, you can use an action to cast the gust of wind spell (save DC 13) from it. Once used, the fan shouldn't be used again until the next dawn. Each time it is used again before then, it has a cumulative 20 percent chance of not working and tearing into useless, nonmagical tatters.",other,1,500,1,,0,0,,,,0,Arcane,#8800cc,922,item-514-wind-fan.webp,https://tdodj-user-content-dev.s3.amazonaws.com/users/93074651-53ce-4b23-8031-2d6bd0d279da/images/item-514-wind-fan.webp,Item-Other,true,true,,,,,,,false,false,,2026-05-20 11:48:47.09003-05,2026-05-20 11:48:47.09003-05
216,93074651-53ce-4b23-8031-2d6bd0d279da,DMMaster,Wooden staff,"A druidic focus might be a sprig of mistletoe or holly, a wand or scepter made of yew or another special wood, a staff drawn whole out of a living tree, or a totem object incorporating feathers, fur, bones, and teeth from sacred animals. A druid can use such an object as a spellcasting focus.",other,1,5,4,,0,0,,,,0,Blood,#cc0000,19,Staff,https://tdodj-user-content-dev.s3.amazonaws.com/users/93074651-53ce-4b23-8031-2d6bd0d279da/images/1775862637831-4a8c9ee5-staff.jpg,Item-Weapon,true,true,,,,,,,false,false,,2026-05-20 11:04:37.380002-05,2026-05-21 17:41:48.630773-05
217,93074651-53ce-4b23-8031-2d6bd0d279da,DMMaster,Yew wand,"A druidic focus might be a sprig of mistletoe or holly, a wand or scepter made of yew or another special wood, a staff drawn whole out of a living tree, or a totem object incorporating feathers, fur, bones, and teeth from sacred animals. A druid can use such an object as a spellcasting focus.",other,1,10,1,,0,0,,,,0,Blood,#cc0000,30,Quarter Staff,https://tdodj-user-content-dev.s3.amazonaws.com/users/93074651-53ce-4b23-8031-2d6bd0d279da/images/1776207630325-1b8fb638-quarter-staff.png,Item-Weapon,true,true,,,,,,,false,false,,2026-05-20 11:04:37.495646-05,2026-05-21 17:41:48.631093-05
